gene_symbol	proteomics_architecture_class	flu_logFC	flu_FDR	rsv6884_logFC	rsv6884_FDR	rsv10558_logFC	rsv10558_FDR	flu_vs_rsv_logFC	flu_vs_rsv_FDR	iav_screen_p	iav_rank	iav_percentile	iav_validation_p	iav_combined_p	iav_combined_fdr	iav_multiple_sgrna_support	iav_primary_hit	rsv_viability_pos_rank	rsv_viability_pos_p	rsv_viability_pos_fdr	rsv_viability_pos_lfc	rsv_viability_neg_rank	rsv_viability_neg_p	rsv_viability_neg_fdr	rsv_viability_neg_lfc	rsv_viability_pos_percentile	rsv_viability_neg_percentile	rsv_early_pos_rank	rsv_early_pos_p	rsv_early_pos_fdr	rsv_early_pos_lfc	rsv_early_neg_rank	rsv_early_neg_p	rsv_early_neg_fdr	rsv_early_neg_lfc	rsv_early_pos_percentile	rsv_early_neg_percentile	iav_top1pct	iav_top5pct	iav_top10pct	rsv_viability_pos_top1pct	rsv_viability_pos_top5pct	rsv_viability_pos_top10pct	rsv_viability_neg_top1pct	rsv_viability_neg_top5pct	rsv_viability_neg_top10pct	rsv_early_pos_top1pct	rsv_early_pos_top5pct	rsv_early_pos_top10pct	rsv_early_neg_top1pct	rsv_early_neg_top5pct	rsv_early_neg_top10pct
ACOT9	shared_core	0.658343552494714	0.0002089728221633	0.528396161352498	1.08641027002839e-06	0.687182308947066	0.0271438460350742	0.129947391142216	0.515562315002271	1.0	12180.0	0.6659740827820001	0.963946529674			False	False	7066.0	0.34479	0.999999	-4.54e-08	19263.0	0.93671	0.999988	-4.54e-08	0.3378275004781029	0.9209695926563396	2065.0	0.10159	0.999997	3.4e-06	20393.0	0.98088	0.999999	3.4e-06	0.09873296677026058	0.9750418360028688	False	False	False	False	False	False	False	False	False	False	False	True	False	False	False
ACSL1	shared_core	1.10956569986628	0.0020891824039462	0.852489042785759	8.09853956668173e-05	1.62975509046972	0.0017320235636741	0.257076657080525	0.518416934787735	1.0	12188.0	0.6664115041828421				False	False	13772.0	0.66617	0.999999	-4.99e-07	9805.0	0.47586	0.999988	-4.99e-07	0.6584432969975139	0.4687798814304838	15049.0	0.72666	0.999997	-3.03e-06	11564.0	0.5714	0.999999	-3.03e-06	0.7195314367678699	0.5529046139134592	False	False	False	False	False	False	False	False	False	False	False	False	False	False	False
ADM	shared_core	1.25476918311023	0.0011790335363961	1.22338665536281	1.49745675845861e-07	1.69275079403339	6.9064625579263e-05	0.031382527747418	0.95616183936203	0.80458376	8881.0	0.4855924326097654				False	False	17353.0	0.8374	0.999999	-9.02e-06	2891.0	0.12796	0.910021	-9.02e-06	0.8296519410977242	0.13821954484605087	19576.0	0.94152	0.999997	-1.24e-06	6398.0	0.3036	0.978755	-1.24e-06	0.9359789624671289	0.3059048529763328	False	False	False	False	False	False	False	False	False	False	False	False	False	False	False
AIM2	shared_core	2.26530732973712	1.80046811729815e-08	1.51836213291272	3.1380265858632103e-09	1.86291696064387	0.000251172726672	0.746945196824402	0.0512915262029756	0.84988203	10524.0	0.5754278528076986				False	False	11811.0	0.57192	0.999999	-1.1e-06	13832.0	0.67966	0.999988	-1.1e-06	0.5646873207114171	0.6613119143239625	18946.0	0.91001	0.999997	4.3e-07	5362.0	0.25022	0.961929	4.3e-07	0.9058570404016256	0.25637102557972746	False	False	False	False	False	False	False	False	False	False	False	False	False	False	False
ALPK1	shared_core	0.834184193812356	0.0038525937900983	0.485785838947087	0.0059138553751212	1.18559358879002	0.0045533131673268	0.348398354865269	0.212648011824634	0.58386575	3870.0	0.21160260265733502				False	False	11951.0	0.5785	0.999999	-3.99e-06	5969.0	0.28026	0.963899	-3.99e-06	0.5713807611397973	0.2853796136928667	16541.0	0.79803	0.999997	-9.32e-07	6562.0	0.31281	0.983414	-9.32e-07	0.7908677982309348	0.31374611522830503	False	False	False	False	False	False	False	False	False	False	False	False	False	False	False
ANG	shared_core	0.452016058265122	0.0419640196085585	0.741771698725905	4.34202184048551e-09	0.799037284255849	0.0386988204878332	-0.289755640460783	0.146412271276865	0.69891239	5962.0	0.32598829897752746				False	False	260.0	0.01378	0.999999	1.39e-06	3739.0	0.16847	0.928784	1.39e-06	0.01243067508127749	0.17876266972652516	8619.0	0.41764	0.999997	3.59e-06	15422.0	0.76613	0.999999	3.59e-06	0.41209658140090843	0.7373655271336361	False	False	False	False	True	True	False	False	False	False	False	False	False	False	False
ANKRD22	shared_core	1.67754479294421	0.0011880759406843	1.8162308506147	6.8104529315792e-09	1.29957716827572	0.0301807631508598	-0.138686057670488	0.846429484274032	1.0	12358.0	0.6757067089507354				False	False	3027.0	0.14815	0.999999	-3.64e-06	8499.0	0.40912	0.995408	-3.64e-06	0.14472174411933447	0.40633964429145153	14161.0	0.68528	0.999997	-3.03e-06	12194.0	0.60489	0.999999	-3.03e-06	0.6770738704279226	0.5830265359789625	False	False	False	False	False	False	False	False	False	False	False	False	False	False	False
ANXA3	shared_core	1.67597152034224	0.0010524020305971	1.70938699909697	3.3059707671365e-08	2.0368949823176	0.0016208025483322	-0.0334154787547316	0.964013107500586	1.0	12385.0	0.6771830061785773				False	False	9649.0	0.46706	0.999999	8.01e-06	18536.0	0.90261	0.999988	8.01e-06	0.46132147638171733	0.8862115127175368	4798.0	0.23265	0.999997	-1.32e-07	8246.0	0.39963	0.999999	-1.32e-07	0.229404733444896	0.3942624910351422	False	False	False	False	False	False	False	False	False	False	False	False	False	False	False
ARG1	shared_core	1.72548890531828	0.0012537860400866	1.93470532664422	2.3540814009336903e-09	1.56367889499355	0.0373407339371691	-0.209216421325934	0.758338847672563	0.80327716	8835.0	0.4830772595549237				False	False	4742.0	0.2304	0.999999	-5.4e-06	2119.0	0.092804	0.895919	-5.4e-06	0.2267163893669918	0.10131000191241155	13794.0	0.6686	0.999997	1.31e-06	17151.0	0.84512	0.999999	1.31e-06	0.6595266555103992	0.820033468802295	False	False	False	False	False	False	False	False	False	False	False	False	False	False	False
ATG7	shared_core	0.531560612012817	0.0033645506376096	0.651554411364367	1.96657758265404e-09	0.804116027459252	0.0077261674955084	-0.11999379935155	0.552771456795925	1.0	12526.0	0.6848925583684182				False	False	18675.0	0.9011	0.999999	-9.59e-06	10835.0	0.52517	0.999988	-9.59e-06	0.8928571428571429	0.5180244788678524	9324.0	0.45122	0.999997	-1.48e-06	12334.0	0.61201	0.999999	-1.48e-06	0.4458044465694478	0.5897202964379632	False	False	False	False	False	False	False	False	False	False	False	False	False	False	False
AXUD1	shared_core	0.804020894725706	0.0001172649210406	0.535426772145771	2.85966283466457e-05	0.790969469326117	0.0488394930653882	0.268594122579936	0.19568412529319								False																					False	False	False	False	False	False	False	False	False	False	False	False	False	False	False
B4GALT5	shared_core	0.792257244295687	0.0016790902067682	0.7784836726601	2.64750581242122e-07	1.15136311165933	0.0090306039705597	0.0137735716355873	0.969524847273604	1.0	12585.0	0.6881185411996282				False	False	20208.0	0.97224	0.999999	-2.86e-06	5682.0	0.26589	0.959856	-2.86e-06	0.9661503155479059	0.2716580608146873	18439.0	0.8858	0.999997	-1.51e-06	212.0	0.0056617	0.523986	-1.51e-06	0.8816160650251016	0.010136265837915371	False	False	False	False	False	False	False	False	False	False	False	False	False	True	True
BATF	shared_core	0.659188312488098	0.0001690312825231	0.743412285981316	1.06515873564134e-11	0.883178890478913	0.0411587543657484	-0.0842239734932182	0.69786209876235	0.79352513	8490.0	0.46421346164361094				False	False	2982.0	0.14609	0.999999	5.85e-06	20432.0	0.98269	0.999988	5.85e-06	0.142570281124498	0.9768598202333142	13844.0	0.67122	0.999997	2.77e-06	19289.0	0.9392	0.999999	2.77e-06	0.6619172842457567	0.9222567535261774	False	False	False	False	False	False	False	False	False	False	False	False	False	False	False
BLVRA	shared_core	1.22041064489936	3.21010237713303e-06	1.08615219518873	5.7911201827664286e-11	1.16018656430593	0.0109248758440364	0.134258449710634	0.683223397197176	0.76819289	7747.0	0.4235879490404068				False	False	9715.0	0.47011	0.999999	2.03e-05	18805.0	0.91619	0.999988	2.03e-05	0.46447695544081086	0.8990724803977816	17422.0	0.83769	0.999997	-1.75e-06	13782.0	0.68284	0.999999	-1.75e-06	0.8329906765479321	0.6589529046139134	False	False	False	False	False	False	False	False	False	False	False	False	False	False	False
BST1	shared_core	0.986366834236325	0.0012615497004818	1.26998589889707	1.3273051947162698e-11	1.60949028770159	0.0004556017913089	-0.283619064660747	0.37715606044423	1.0	12679.0	0.6932582426595221				False	False	12270.0	0.59379	0.999999	-5.25e-06	14099.0	0.69378	0.999988	-5.25e-06	0.5866322432587493	0.674077261426659	2394.0	0.11702	0.999997	5.26e-07	7627.0	0.36766	0.995559	5.26e-07	0.11446330384891226	0.36466650729141764	False	False	False	False	False	False	False	False	False	False	False	False	False	False	False
BTK	shared_core	0.372391426336081	0.0265582032436557	0.280479252880699	0.0044255338269682	0.640858899138262	0.0429850002251874	0.0919121734553823	0.620839047540392	0.53653455	3224.0	0.17628082453934057				False	False	13140.0	0.63583	0.999999	2.4e-06	13046.0	0.64071	0.999988	2.4e-06	0.6282271944922547	0.6237330273474851	7231.0	0.35111	0.999997	1.69e-06	16294.0	0.80773	0.999999	1.69e-06	0.34573272770738706	0.7790580922782692	False	False	False	False	False	False	False	False	False	False	False	False	False	False	False
C16orf57	shared_core	0.537347143612874	0.0040590211656336	0.477313077262777	1.61533128643925e-05	0.772985947044308	0.0373407339371691	0.0600340663500969	0.806109170905418								False																					False	False	False	False	False	False	False	False	False	False	False	False	False	False	False
C16orf7	shared_core	0.656618654282643	0.0015445622640115	0.322393304557023	0.0128527842654278	0.80382408525393	0.0136861389834591	0.33422534972562	0.0807135259235366								False																					False	False	False	False	False	False	False	False	False	False	False	False	False	False	False
C1orf85	shared_core	0.695871602707486	3.51477607717272e-05	0.470991550905355	5.72498290512257e-06	0.822352725416582	0.0300719487961374	0.224880051802131	0.179755798262911								False	5905.0	0.2878	0.999999	-5.26e-06	1500.0	0.064098	0.867746	-5.26e-06	0.28231975521132147	0.0717154331612163	14845.0	0.71728	0.999997	-1.89e-07	11041.0	0.54415	0.999999	-1.89e-07	0.7097776715276117	0.5278986373416208	False	False	False	False	False	False	False	False	True	False	False	False	False	False	False
C3AR1	shared_core	1.51281312730492	1.15844120399928e-05	1.27075113195883	3.7410985798879705e-09	1.30432426405486	0.0011938972057623	0.242061995346086	0.545544347260427								False	20583.0	0.98873	0.999999	-8.73e-06	1196.0	0.050416	0.85456	-8.73e-06	0.98407917383821	0.05718110537387646	1281.0	0.063311	0.999997	-2.14e-06	7970.0	0.38541	0.998112	-2.14e-06	0.061247908199856566	0.3810662204159694	False	False	False	False	False	False	False	False	True	False	False	True	False	False	False
CASP1	shared_core	0.885506224699283	7.28724890998191e-05	0.747772998237568	5.41308136093132e-08	0.961930109207035	0.0136861389834591	0.137733226461714	0.600529285821908	0.77160599	7848.0	0.42911039422603753				False	False	14457.0	0.70064	0.999999	-2.44e-07	1194.0	0.050237	0.854282	-2.44e-07	0.6911933448078026	0.05708548479632817	5110.0	0.24747	0.999997	4.14e-06	11011.0	0.54275	0.999999	4.14e-06	0.24432225675352617	0.5264642601004064	False	False	False	False	False	False	False	False	True	False	False	False	False	False	False
CASP5	shared_core	1.4550712482231	0.0018239633889362	1.06251386791279	0.0001546214372569	1.40800540011067	0.0129975930762191	0.392557380310314	0.429878128691812	1.0	12890.0	0.7047952321067308				False	False	6846.0	0.33419	0.999999	-2.2e-06	1450.0	0.061651	0.862313	-2.2e-06	0.3273092369477912	0.06932491872250908	3345.0	0.16215	0.999997	-5.8e-07	8918.0	0.43472	0.999999	-5.8e-07	0.15993306239541	0.4263925412383457	False	False	False	False	False	False	False	False	True	False	False	False	False	False	False
CCR1	shared_core	1.43277034362759	6.96882160837009e-06	0.947776309847298	1.71089801515898e-06	1.09087394388554	0.0375505671020135	0.484994033780296	0.119265474209152	1.0	12989.0	0.710208321942151				False	False	13773.0	0.6662	0.999999	-3.19e-06	12326.0	0.60247	0.999988	-3.19e-06	0.658491107286288	0.5893096194301014	11791.0	0.57179	0.999997	-2.52e-06	3315.0	0.14848	0.922361	-2.52e-06	0.5637580683719818	0.15849868515419555	False	False	False	False	False	False	False	False	False	False	False	False	False	False	False
CCR2	RSV_amplified	0.444487498827293	0.0457525449381485	0.862129525075177	1.48019054974782e-11	1.13148190007401	0.0136861389834591	-0.417642026247885	0.0229414549710061	0.6183202	4428.0	0.24211274536606703				False	False	4359.0	0.21302	0.999999	-3.96e-06	10816.0	0.52432	0.999988	-3.96e-06	0.20840504876649454	0.5171160833811437	6291.0	0.30597	0.999997	1.18e-07	12531.0	0.62197	0.999999	1.18e-07	0.30078890748266796	0.5991393736552714	False	False	False	False	False	False	False	False	False	False	False	False	False	False	False
CCR3	shared_core	-1.16047049799951	0.003075463856505	-0.606081864789935	0.0125363416780168	-1.5158278810275	0.0054480077670989	-0.55438863320957	0.132375991245548	0.58872249	3942.0	0.21553939526491334				False	False	14531.0	0.70428	0.999999	-5.95e-06	10074.0	0.48909	0.999988	-5.95e-06	0.6947313061770893	0.48164084911072863	736.0	0.037614	0.999997	5.1e-06	19975.0	0.96648	0.999999	5.1e-06	0.035190054984460914	0.9550561797752809	False	False	False	False	False	False	False	False	False	False	True	True	False	False	False
CD14	shared_core	0.5696134684994	0.0459812500027217	0.710157951431404	9.74829216225427e-06	1.08893291261098	0.0160623328855217	-0.140544482932004	0.658377113694241	0.35441206	1443.0	0.07889988517688228				False	False	9745.0	0.4716	0.999999	1.76e-06	15891.0	0.78045	0.999988	1.76e-06	0.46591126410403516	0.7597532989099254	2113.0	0.10378	0.999997	1.15e-05	9190.0	0.44803	0.999999	1.15e-05	0.10102797035620369	0.4393975615586899	False	False	True	False	False	False	False	False	False	False	False	False	False	False	False
CEACAM3	shared_core	1.07693145621881	0.0014042724205303	0.729992223458816	0.000347637824201	1.47723867154977	0.0005218389943146	0.346939232759996	0.314889788047196	1.0	13075.0	0.7149106020012029				False	False	18090.0	0.87405	0.999999	-3.6e-06	1250.0	0.052994	0.856515	-3.6e-06	0.8648881239242685	0.05976286096768024	3486.0	0.16858	0.999997	4.86e-07	11846.0	0.58613	0.999999	4.86e-07	0.16667463542911787	0.566387759980875	False	False	False	False	False	False	False	False	True	False	False	False	False	False	False
CHMP5	shared_core	0.923889038105039	0.0002726134614474	0.734390430810756	2.05574280057405e-06	0.845931000998017	0.0246399979957743	0.189498607294283	0.505131151011259	0.03254892	91.0	0.004975668434578162	0.897787429668	0.565895276033355	0.239033247538695	False	False	17029.0	0.82264	0.999999	-1.42e-05	12510.0	0.61284	0.999988	-1.42e-05	0.8141614075349015	0.5981067125645438	1079.0	0.053512	0.999997	2.03e-06	20622.0	0.98919	0.999999	2.03e-06	0.05158976810901267	0.9859909156108057	True	True	True	False	False	False	False	False	False	False	False	True	False	False	False
CKAP4	shared_core	0.695685345277191	0.0126117654060072	0.904748719670016	2.61290474111253e-08	1.15022366045542	0.0115895242484476	-0.209063374392825	0.477162154293029	0.80838233	8998.0	0.49198972059708024	0.945958791008			False	False	7354.0	0.35921	0.999999	-1.55e-07	10996.0	0.53314	0.999988	-1.55e-07	0.35159686364505643	0.5257219353604896	17463.0	0.83987	0.999997	-5.59e-09	10771.0	0.53024	0.999999	-5.59e-09	0.8349509921109252	0.5149892421706909	False	False	False	False	False	False	False	False	False	False	False	False	False	False	False
CLEC4D	shared_core	1.23481457830441	0.0034154094151705	1.58525331231971	3.83054555812636e-10	1.83188776876979	0.0129853638017601	-0.350438734015294	0.432202973172863	0.83846572	10070.0	0.5506041883099131				False	False	15231.0	0.73757	0.999999	-7.91e-06	2054.0	0.08982	0.894909	-7.91e-06	0.7281985083189902	0.09820233314209217	830.0	0.042022	0.999997	2.77e-06	18121.0	0.88875	0.999999	2.77e-06	0.039684437006932825	0.8664116662682285	False	False	False	False	False	False	False	False	True	False	True	True	False	False	False
CNIH4	shared_core	0.768918020166668	0.0003814296367577	0.902475539260914	1.7147750657281e-11	0.931913116914843	0.0062193283123586	-0.133557519094246	0.596328812259486	1.0	13235.0	0.7236590300180437	0.620630400926			False	False	4083.0	0.19979	0.999999	1.27e-05	18201.0	0.88718	0.999988	1.27e-05	0.19520940906483075	0.8701950659781985	1059.0	0.052733	0.999997	-5.54e-06	14179.0	0.70332	0.999999	-5.54e-06	0.050633516614869714	0.6779344967726512	False	False	False	False	False	False	False	False	False	False	False	True	False	False	False
CTSD	shared_core	0.51309841153657	0.0282141621026234	0.529657836555604	7.40947565134808e-05	0.829228146093077	0.0264755479146606	-0.0165594250190333	0.95936622109774	0.80867349	9009.0	0.492591175023238	0.906466164817			False	False	2303.0	0.11397	0.999999	1.21e-05	18881.0	0.91937	0.999988	1.21e-05	0.11010709504685408	0.9027060623446166	10040.0	0.48453	0.999997	9.39e-07	12161.0	0.60344	0.999999	9.39e-07	0.4800382500597657	0.5814487210136265	False	False	False	False	False	False	False	False	False	False	False	False	False	False	False
DYSF	shared_core	0.977134531488463	0.015187965159073	0.853127745313516	0.0002661241074332	1.57560833964766	0.006580835544315	0.124006786174947	0.809832459636959	1.0	13661.0	0.7469517196128821				False	False	13108.0	0.634	0.999999	2.32e-06	20500.0	0.98521	0.999988	2.32e-06	0.6266972652514822	0.980110919869956	18654.0	0.89665	0.999997	-3.49e-07	14231.0	0.7056	0.999999	-3.49e-07	0.8918957685871384	0.6804207506574229	False	False	False	False	False	False	False	False	False	False	False	False	False	False	False
ECGF1	shared_core	1.04758616862907	0.0030931300391904	0.759008553484923	0.0003506360184651	1.15136050897129	0.0182569979802549	0.288577615144145	0.444058025515474								False																					False	False	False	False	False	False	False	False	False	False	False	False	False	False	False
EIF2AK2	influenza_amplified	1.92964052440363	1.34894041721356e-10	0.778810408191841	3.97106506308551e-05	1.87826610198505	4.99153291415237e-05	1.15083011621178	6.36078868058665e-06	0.7949789	8550.0	0.4674941221499262	0.934002919271			False	False	1240.0	0.062156	0.999999	1.07e-05	4979.0	0.22922	0.950713	1.07e-05	0.059284758079938805	0.23804742780646396	1300.0	0.064267	0.999997	6.93e-06	20906.0	0.99978	0.999999	6.93e-06	0.062156347119292375	0.9995696868276357	False	False	False	False	False	True	False	False	False	False	False	True	False	False	False
ELMOD2	shared_core	0.359797137356682	0.0199943239595446	0.565375586632566	3.09248998875396e-10	0.577209184685773	0.0421531661924268	-0.205578449275884	0.145411198553856	1.0	13733.0	0.7508885122204604				False	False	17102.0	0.82599	0.999999	-4.23e-06	6256.0	0.29501	0.96493	-4.23e-06	0.817651558615414	0.2991011665710461	14166.0	0.68554	0.999997	2.34e-06	11283.0	0.55731	0.999999	2.34e-06	0.6773129333014583	0.5394692804207507	False	False	False	False	False	False	False	False	False	False	False	False	False	False	False
EMILIN2	shared_core	0.559789706474827	0.0188563282468565	0.547579237083903	6.64027280147592e-05	1.02157602631639	0.0103029910306174	0.012210469390924	0.969918003588244	1.0	13747.0	0.7516539996719339				False	False	13078.0	0.63244	0.999999	-1.12e-05	1245.0	0.05268	0.856515	-1.12e-05	0.6252629565882578	0.05952380952380952	11147.0	0.53846	0.999997	8.02e-07	13364.0	0.66207	0.999999	8.02e-07	0.5329667702605785	0.6389672483863256	False	False	False	False	False	False	False	False	True	False	False	False	False	False	False
EPSTI1	shared_core	2.01424686853525	1.39817620954783e-09	1.47111185821738	6.3150102377530295e-12	2.07348343322733	4.99153291415237e-05	0.543135010317874	0.093857670115494								False	17938.0	0.86666	0.999999	-8.6e-06	6112.0	0.28769	0.96493	-8.6e-06	0.8576209600305986	0.2922164849875693	14508.0	0.70166	0.999997	2.15e-06	18224.0	0.89327	0.999999	2.15e-06	0.6936648338513028	0.8713363614630648	False	False	False	False	False	False	False	False	False	False	False	False	False	False	False
FBXL5	shared_core	0.573392510281691	0.0041757631287284	0.565294622038246	1.79004124364313e-06	0.822021496575576	0.0091436926349062	0.0080978882434443	0.97670927101773	0.84611144	10383.0	0.5677183006178578				False	False	11828.0	0.57258	0.999999	-1.65e-05	4886.0	0.22357	0.946969	-1.65e-05	0.5655000956205776	0.23360107095046853	15775.0	0.7611	0.999997	-2.23e-06	17798.0	0.87362	0.999999	-2.23e-06	0.7542433660052594	0.8509682046378197	False	False	False	False	False	False	False	False	False	False	False	False	False	False	False
FBXO6	shared_core	1.5059784981121	6.17763012962156e-08	1.45267679495026	2.96883188676012e-15	1.58090740655254	0.0004934398153102	0.053301703161841	0.900835454075551	1.0	13937.0	0.7620427579419323				False	False	1036.0	0.052331	0.999999	-2.89e-06	3222.0	0.14343	0.915989	-2.89e-06	0.049531459170013385	0.1540447504302926	1576.0	0.077598	0.999997	5.7e-07	2824.0	0.12418	0.904339	5.7e-07	0.07535261773846522	0.1350227109729859	False	False	False	False	True	True	False	False	False	False	False	True	False	False	False
FCER1A	shared_core	-1.23576163649128	0.0006377565114738	-0.708743931046842	0.0014542373099291	-1.16830770542673	0.0464891102066458	-0.527017705444435	0.126751993526944	0.62728265	4585.0	0.250697140357592				False	False	4594.0	0.2237	0.999999	-3.13e-06	16447.0	0.80725	0.999988	-3.13e-06	0.21964046662841843	0.7863358194683496	9225.0	0.4466	0.999997	1.53e-06	17868.0	0.87758	0.999999	1.53e-06	0.4410710016734401	0.8543150848673201	False	False	False	False	False	False	False	False	False	False	False	False	False	False	False
FCER1G	shared_core	0.583159610250091	0.0349948229870573	0.851142259964133	6.34210361099096e-08	0.890041327199318	0.029157095408497	-0.267982649714043	0.316918420175958	0.71960497	6449.0	0.3526163267537864				False	False	17227.0	0.83202	0.999999	-6.93e-07	16394.0	0.80472	0.999988	-6.93e-07	0.8236278447121821	0.7838018741633199	260.0	0.013691	0.999997	-2.5e-06	9878.0	0.48406	0.999999	-2.5e-06	0.012431269423858474	0.47229261295720776	False	False	False	False	False	False	False	False	False	False	True	True	False	False	False
FCGR1A	shared_core	1.93671830594414	2.32239747351172e-05	1.8597687102339	8.712418293240648e-11	2.33452856482187	0.0010186055232849	0.0769495957102375	0.911486823436188								False	16048.0	0.77803	0.999999	-5.45e-06	8168.0	0.38347	0.99257	-5.45e-06	0.7672595142474661	0.3905144387072098	20336.0	0.97742	0.999997	-2.15e-06	2072.0	0.083095	0.865252	-2.15e-06	0.9723165192445613	0.09906765479321061	False	False	False	False	False	False	False	False	False	False	False	False	False	False	True
FCGR1B	shared_core	1.89352784912049	1.979988523993e-05	1.90069320572922	1.1188097006200099e-11	2.05011171632902	0.0056036085196715	-0.0071653566087306	0.990942194793538	0.0825975	216.0	0.011810377822734978				False	False	4347.0	0.21234	0.999999	-2.33e-06	18186.0	0.88667	0.999988	-2.33e-06	0.20783132530120482	0.8694779116465864	5563.0	0.27079	0.999997	-1.05e-06	9649.0	0.47256	0.999999	-1.05e-06	0.26598135309586424	0.46134353334927086	False	True	True	False	False	False	False	False	False	False	False	False	False	False	False
FKBP5	shared_core	0.547645405533368	0.01225144739456	0.529406779469292	3.06140789460434e-05	1.18273925064843	0.0008721527105597	0.0182386260640754	0.953214947950717	0.88005976	11804.0	0.6454152769424244				False	False	10713.0	0.51891	0.999999	-3.9e-06	5228.0	0.24203	0.954299	-3.9e-06	0.5121916236374068	0.24995218971122585	4285.0	0.208	0.999997	4.84e-06	19359.0	0.94204	0.999999	4.84e-06	0.2048768826201291	0.9256036337556778	False	False	False	False	False	False	False	False	False	False	False	False	False	False	False
FOLR3	shared_core	1.39818113920454	0.0067915863350185	1.27325567347745	2.68590729390064e-05	2.11776649711027	0.0031556754105376	0.12492546572709	0.859991389455186	0.57727854	3775.0	0.20640822352233584				False	False	15396.0	0.74576	0.999999	-5.42e-06	2063.0	0.090282	0.895919	-5.42e-06	0.7360872059667241	0.09863262574105948	11117.0	0.53699	0.999997	6.16e-07	2849.0	0.12566	0.904339	6.16e-07	0.5315323930193641	0.1362180253406646	False	False	False	False	False	False	False	False	True	False	False	False	False	False	False
GADD45B	shared_core	0.811045115969675	9.18268389354988e-05	0.745162302398038	5.8558232724626e-09	0.90985909751883	0.0078781122852434	0.0658828135716369	0.816424219035682	0.8530529	10666.0	0.5831920826726448				False	False	2316.0	0.11472	0.999999	-5.63e-06	13952.0	0.68573	0.999988	-5.63e-06	0.11072862880091795	0.6670491489768599	2649.0	0.12856	0.999997	-2.4e-06	9463.0	0.46248	0.999999	-2.4e-06	0.126655510399235	0.45245039445374136	False	False	False	False	False	False	False	False	False	False	False	False	False	False	False
GALK1	shared_core	0.379146118760891	0.0236644445470677	0.496445459253614	2.38018142024411e-07	0.657134713327097	0.0320098001266038	-0.117299340492723	0.506275071063219	0.81508168	9239.0	0.5051670402974465				False	False	9541.0	0.46219	0.999999	4.76e-06	15033.0	0.73947	0.999988	4.76e-06	0.4561579651941098	0.7187320711417097	10964.0	0.52952	0.999997	-3.55e-06	5600.0	0.26215	0.965751	-3.55e-06	0.5242170690891704	0.26775041836002866	False	False	False	False	False	False	False	False	False	False	False	False	False	False	False
GBA	shared_core	0.598836154064581	0.0017467812774885	0.571707574042612	6.12969747548898e-07	0.653483179392262	0.0412680414598892	0.0271285800219694	0.923144745193586	0.75532903	7387.0	0.40390398600251515				False	False	9528.0	0.46167	0.999999	3.12e-07	11281.0	0.54739	0.999988	3.12e-07	0.4555364314400459	0.5393478676611206	18106.0	0.86976	0.999997	-2.42e-06	2588.0	0.11344	0.901927	-2.42e-06	0.8656944776476213	0.12373894334209898	False	False	False	False	False	False	False	False	False	False	False	False	False	False	False
GNG5	shared_core	0.469660301858573	0.0079468998203	0.683953293635233	7.17975849359677e-11	0.835858387613178	0.0386988204878332	-0.21429299177666	0.203992781541143	0.53942139	3265.0	0.17852260921865604	0.954903139653			False	False	17011.0	0.82169	0.999999	-2.33e-06	2168.0	0.094768	0.895919	-2.33e-06	0.8133008223369669	0.10365270606234461	4929.0	0.23863	0.999997	3.82e-06	3400.0	0.15206	0.922361	3.82e-06	0.2356681807315324	0.16256275400430314	False	False	False	False	False	False	False	False	False	False	False	False	False	False	False
GPR84	shared_core	1.89143889709339	1.979988523993e-05	1.87449935791039	1.7736980825410798e-11	1.40597233851912	0.0364374689533509	0.0169395391829994	0.979448630591612	1.0	14262.0	0.77981300235114				False	False	9619.0	0.466	0.999999	8.34e-06	8922.0	0.43101	0.997279	8.34e-06	0.45988716771849303	0.4265633964429145	840.0	0.042541	0.999997	2.99e-06	18304.0	0.89701	0.999999	2.99e-06	0.0401625627540043	0.8751613674396366	False	False	False	False	False	False	False	False	False	False	True	True	False	False	False
HERC5	influenza_amplified	2.68481628595781	2.26767491598051e-08	1.41470194586582	3.17362671488145e-06	2.500582108201	0.0008721527105597	1.27011434009199	0.0028815065211683	0.2179502	674.0	0.03685275302094155	0.965498838622	0.880510240394822	0.555856217003232	False	False	17804.0	0.86026	0.999999	-8.01e-06	2627.0	0.11674	0.908431	-8.01e-06	0.8512143813348633	0.1255976286096768	20572.0	0.9884	0.999997	-6.19e-06	1296.0	0.051739	0.807935	-6.19e-06	0.9836002868754482	0.061965096820463784	False	True	True	False	False	False	False	False	False	False	False	False	False	False	True
HERC6	influenza_amplified	2.1075001211125	4.9819357069997096e-11	1.09183156012203	6.49681343647002e-08	1.02128701043904	0.0490622460123898	1.01566856099048	0.0002222839630921	1.0	14352.0	0.784733993110613				False	False	6152.0	0.2998	0.999999	1.48e-05	13059.0	0.64119	0.999988	1.48e-05	0.2941288965385351	0.6243545611015491	6822.0	0.33105	0.999997	-1.77e-07	6393.0	0.30339	0.978755	-1.77e-07	0.3261773846521635	0.30566579010279704	False	False	False	False	False	False	False	False	False	False	False	False	False	False	False
HIST1H2BD	shared_core	1.16185048833479	2.09376521955648e-05	0.889333813556928	1.39096603890174e-07	1.10226750855477	0.0298496514027317	0.272516674777863	0.350514345359483	0.35945193	1473.0	0.08054021543003992				False	False	11649.0	0.56386	0.999999	-1.93e-06	9186.0	0.44486	0.998783	-1.93e-06	0.5569420539300057	0.43918531267928856	7561.0	0.36678	0.999997	3.62e-08	4279.0	0.19465	0.941323	3.62e-08	0.3615108773607459	0.20459000717188622	False	False	True	False	False	False	False	False	False	False	False	False	False	False	False
HIST2H2AA3	shared_core	1.34737236107042	9.48718727679245e-07	1.13442923060356	7.818806349041559e-11	1.2643521432192	0.0061396190355166	0.212943130466856	0.499826614782723								False	8881.0	0.43121	0.999999	-4.64e-06	2120.0	0.092843	0.895919	-4.64e-06	0.4246031746031746	0.1013578122011857	15630.0	0.75496	0.999997	-3.59e-07	7124.0	0.34004	0.986043	-3.59e-07	0.7473105426727229	0.3406167822137222	False	False	False	False	False	False	False	False	False	False	False	False	False	False	False
HIST2H2AC	shared_core	1.35962620469325	6.17763012962156e-08	1.18281928141093	5.41166136730911e-13	0.998669244908998	0.0136861389834591	0.176806923282321	0.554923308889439	0.18387807	519.0	0.0283777133796271				False	False	18716.0	0.90286	0.999999	-1.54e-06	954.0	0.039019	0.833674	-1.54e-06	0.8948173646968828	0.04561101549053356	18715.0	0.89949	0.999997	-1.4e-06	105.0	0.0021474	0.395017	-1.4e-06	0.8948123356442744	0.005020320344250538	False	True	True	False	False	False	False	True	True	False	False	False	True	True	True
HK3	shared_core	1.00129595071205	0.0028150213663243	1.05314245468597	1.36241754449417e-07	1.14887231114819	0.0140109954199512	-0.0518465039739215	0.915687649615138	1.0	14406.0	0.7876865875662967				False	False	20386.0	0.97984	0.999999	-4.15e-06	781.0	0.031611	0.828614	-4.15e-06	0.9746605469497036	0.03733983553260662	8335.0	0.40401	0.999997	8.71e-07	4791.0	0.22081	0.949748	8.71e-07	0.3985178101840784	0.22907004542194598	False	False	False	False	False	False	False	True	True	False	False	False	False	False	False
HMGB2	shared_core	0.777564929421162	0.0001700747737375	1.11268231609234	9.498945663697499e-17	0.998147163159925	0.0037047797898784	-0.335117386671183	0.0854593666064431	0.80039304	8734.0	0.47755481436929303				False	False	10930.0	0.52927	0.999999	-3.29e-06	5757.0	0.26942	0.959856	-3.29e-06	0.5225664563013961	0.27524383247274814	3389.0	0.16424	0.999997	-1.76e-06	6440.0	0.3058	0.980234	-1.76e-06	0.1620368156825245	0.307912981114033	False	False	False	False	False	False	False	False	False	False	False	False	False	False	False
HPSE	shared_core	1.05272682123696	0.0010956651647607	1.15055022217801	3.97131650798135e-09	0.902339608963272	0.0411710700273626	-0.0978234009410466	0.82240053795535	1.0	14459.0	0.7905845043468752				False	False	12425.0	0.601	0.999999	-3.52e-06	7857.0	0.37646	0.989046	-3.52e-06	0.5940428380187416	0.3756454388984509	2300.0	0.11269	0.999997	-1.33e-06	16381.0	0.81154	0.999999	-1.33e-06	0.10996892182644036	0.783217786277791	False	False	False	False	False	False	False	False	False	False	False	False	False	False	False
IFI27	shared_core	5.30905212328126	8.563247367984463e-14	5.47487277070315	1.42718294008707e-29	4.71212243524205	4.99153291415237e-05	-0.165820647421889	0.870698543459922	1.0	14526.0	0.7942479085789272				False	False	3312.0	0.16169	0.999999	-2.93e-06	14891.0	0.73236	0.999988	-2.93e-06	0.15834767641996558	0.7119430101357812	19370.0	0.93148	0.999997	-3.48e-06	5690.0	0.26707	0.968186	-3.48e-06	0.9261295720774564	0.272053550083672	False	False	False	False	False	False	False	False	False	False	False	False	False	False	False
IFI35	influenza_amplified	1.6802855154774	2.6034739502067603e-09	1.14386894190782	2.22161238404516e-10	1.19648669089463	0.0090306039705597	0.536416573569575	0.0444614077722751	0.88087746	11846.0	0.6477117392968451				False	False	5185.0	0.25262	0.999999	3.87e-06	8107.0	0.391	0.995408	3.87e-06	0.24789634729393767	0.387598011091987	19420.0	0.93439	0.999997	-3.24e-06	5244.0	0.24401	0.961476	-3.24e-06	0.9285202008128137	0.250729141764284	False	False	False	False	False	False	False	False	False	False	False	False	False	False	False
IFI44	influenza_amplified	2.99398419304838	1.55394343536717e-11	1.80096306614937	1.1623162849712501e-10	2.6239330923113	1.38474277176462e-05	1.19302112689901	0.0019247168709193	0.61248359	4327.0	0.23659030018043634				False	False	16580.0	0.80129	0.999999	1.86e-07	12962.0	0.63637	0.999988	1.86e-07	0.7926945878753108	0.6197169630904571	9042.0	0.43745	0.999997	1.19e-06	11017.0	0.54289	0.999999	1.19e-06	0.43232130050203205	0.5267511355486493	False	False	False	False	False	False	False	False	False	False	False	False	False	False	False
IFI44L	influenza_amplified	3.79335639655151	1.06219401592013e-10	2.11854822027551	1.24117272557655e-08	3.16273140877025	5.60817263745802e-05	1.674808176276	0.0010788280336313	0.81597377	9269.0	0.5068073705506042				False	False	14178.0	0.68626	0.999999	-2.82e-06	14399.0	0.70899	0.999988	-2.82e-06	0.6778542742398164	0.6884203480589023	11368.0	0.55029	0.999997	-4.2e-06	15226.0	0.75677	0.999999	-4.2e-06	0.5435333492708583	0.7279942624910352	False	False	False	False	False	False	False	False	False	False	False	False	False	False	False
IFI6	influenza_amplified	2.8749822060042	5.9027384799580815e-09	1.71985496857175	4.26237441443477e-08	2.56857888069233	2.70337822817836e-05	1.15512723743244	0.01002864474943	0.83292529	9848.0	0.5384657444365466				False	False	17774.0	0.85859	0.999999	1.74e-07	7240.0	0.34321	0.976501	1.74e-07	0.8497800726716389	0.34614649072480397	17588.0	0.84561	0.999997	-5.17e-06	4230.0	0.19274	0.941323	-5.17e-06	0.8409275639493187	0.20224719101123595	False	False	False	False	False	False	False	False	False	False	False	False	False	False	False
IFIH1	influenza_amplified	1.62955440154209	2.15146268830681e-08	1.02069081559403	3.347807559028e-08	1.29151215972646	0.0010709956305262	0.608863585948052	0.0243246671648983	0.82165691	9460.0	0.5172508064957078				False	False	5788.0	0.28232	0.999999	-2.81e-06	13646.0	0.67052	0.999988	-2.81e-06	0.2767259514247466	0.6524192006119717	10624.0	0.51318	0.999997	-2.05e-06	10190.0	0.49982	0.999999	-2.05e-06	0.5079607936887401	0.4872101362658379	False	False	False	False	False	False	False	False	False	False	False	False	False	False	False
IFIT1	influenza_amplified	3.21182712052997	1.90119043258488e-08	1.76624743529353	1.02095679563722e-06	2.72904357897607	0.0003801503285363	1.44557968523645	0.0047101977739414	1.0	14528.0	0.7943572639291377				False	False	774.0	0.039151	0.999999	3.31e-05	20585.0	0.98778	0.999988	3.31e-05	0.03700516351118761	0.9841747944157583	15595.0	0.75354	0.999997	1.96e-07	15227.0	0.75678	0.999999	1.96e-07	0.7456371025579728	0.7280420750657423	False	False	False	False	True	True	False	False	False	False	False	False	False	False	False
IFIT2	influenza_amplified	2.06591744625711	2.63007938062979e-06	0.952752277958828	0.0005943290708679	1.922707983571	0.0034425925518552	1.11316516829828	0.0040471634261325	1.0	14530.0	0.7944666192793483				False	False	7052.0	0.34407	0.999999	1.09e-05	20348.0	0.97926	0.999988	1.09e-05	0.33715815643526487	0.9728437559762861	18195.0	0.87422	0.999997	-5.16e-06	11162.0	0.55076	0.999999	-5.16e-06	0.8699497967965575	0.5336839588811858	False	False	False	False	False	False	False	False	False	False	False	False	False	False	False
IFIT3	influenza_amplified	2.85914302619216	5.98302344703825e-05	1.52854639338751	0.0005504021866046	2.19518354714607	0.0014870747830483	1.33059663280465	0.042222623913138	0.59846486	4095.0	0.22390507955601727				False	False	9894.0	0.47895	0.999999	-2.81e-06	16344.0	0.80249	0.999988	-2.81e-06	0.4730349971313827	0.7814113597246127	8289.0	0.4015	0.999997	2.34e-06	17197.0	0.8474	0.999999	2.34e-06	0.3963184317475496	0.8222328472388238	False	False	False	False	False	False	False	False	False	False	False	False	False	False	False
IFITM1	shared_core	0.961230296638277	1.6710822088243e-06	0.861191081194979	1.58714061046421e-11	0.998885127907537	0.0006787505415149	0.100039215443298	0.692744543863018	1.0	14531.0	0.7945212969544535				False	False	12713.0	0.61511	0.999999	-2.13e-06	15081.0	0.74177	0.999988	-2.13e-06	0.6078122011856951	0.7210269650028687	2220.0	0.10929	0.999997	4.56e-06	9060.0	0.44181	0.999999	4.56e-06	0.10614391584986851	0.4331819268467607	False	False	False	False	False	False	False	False	False	False	False	False	False	False	False
IFITM2	shared_core	0.753468682988998	0.0015691063983522	0.790540801305026	3.61801589900418e-08	0.986913774712873	0.0017319784650421	-0.0370721183160274	0.91580341712519	1.0	14533.0	0.794630652304664				False	False	7054.0	0.34421	0.999999	-2.65e-06	13528.0	0.66488	0.999988	-2.65e-06	0.33725377701281317	0.6467775865366227	11806.0	0.57233	0.999997	-3.59e-06	13532.0	0.6703	0.999999	-3.59e-06	0.564475256992589	0.6469997609371264	False	False	False	False	False	False	False	False	False	False	False	False	False	False	False
IFITM3	shared_core	2.5941261652149	3.01399589658136e-10	2.10504715965803	6.8040135786694e-15	2.58492993142758	4.01527501058007e-05	0.489079005556871	0.258776166645785	0.41857386	1960.0	0.10716824320629886				False	False	20693.0	0.99342	0.999999	-4.6e-06	768.0	0.030885	0.824462	-4.6e-06	0.9893383056033659	0.03671830177854274	15159.0	0.73273	0.999997	-1.37e-06	3463.0	0.15501	0.922361	-1.37e-06	0.7247908199856562	0.16557494621085345	False	False	False	False	False	False	False	True	True	False	False	False	False	False	False
IL1RN	shared_core	1.54802339334704	2.63967383480418e-05	1.31574361125457	9.376023766449581e-09	1.7696676420976	0.0113601887890405	0.232279782092469	0.593751433762391	0.83515768	9946.0	0.5438241565968615				False	False	17369.0	0.83825	0.999999	-6.93e-06	1651.0	0.070349	0.871695	-6.93e-06	0.8304169057181106	0.07893478676611207	20226.0	0.97197	0.999997	-1.98e-06	3303.0	0.14777	0.922361	-1.98e-06	0.967057136026775	0.1579249342577098	False	False	False	False	False	False	False	False	True	False	False	False	False	False	False
IRAK3	shared_core	0.941258939895524	0.0011234779251632	0.733060413708191	2.4943372769758e-05	1.35193420967563	0.0008721527105597	0.208198526187333	0.516071783622458	0.37251061	1582.0	0.08650008201651266				False	False	12171.0	0.58863	0.999999	-3.73e-06	17860.0	0.87093	0.999988	-3.73e-06	0.581899024670109	0.8538917575062154	243.0	0.01284	0.999997	4.81e-06	13548.0	0.67101	0.999999	4.81e-06	0.011618455653836958	0.6477647621324408	False	False	True	False	False	False	False	False	False	False	True	True	False	False	False
IRF7	influenza_amplified	2.04269958893581	3.81139865869822e-09	1.18219306003523	7.81940327891144e-08	1.40364997733409	0.0085734068946566	0.860506528900576	0.0057560816972118	0.27206335	930.0	0.050850237847886705	0.735162011224	0.593648832568866	0.20931937683888	False	False	18711.0	0.90248	0.999999	-3.36e-06	13411.0	0.65893	0.999988	-3.36e-06	0.8945783132530121	0.6411837827500478	20385.0	0.98006	0.999997	-4.96e-06	1602.0	0.065828	0.835687	-4.96e-06	0.9746593354052115	0.07659574468085106	False	False	True	False	False	False	False	False	False	False	False	False	False	False	True
ISG15	influenza_amplified	2.95962240265972	7.57702842358298e-11	1.96706624920491	1.6120186476961898e-11	2.39009281770663	6.9064625579263e-05	0.992556153454808	0.0173201375302595	1.0	14642.0	0.8005905188911367	0.992352239175			False	False	110.0	0.0060584	0.999999	3.27e-06	6599.0	0.31146	0.968672	3.27e-06	0.005259131765155862	0.31550009562057757	19504.0	0.93845	0.999997	-3.5e-06	5942.0	0.28124	0.973722	-3.5e-06	0.9325364570882142	0.2841023189098733	False	False	False	True	True	True	False	False	False	False	False	False	False	False	False
JUNB	shared_core	0.496508934723241	0.0365593596569093	0.512228432839295	0.0001491390688209	0.892643368874402	0.0156890149416639	-0.015719498116054	0.961327302733138	0.60461861	4198.0	0.2295368800918585				False	False	843.0	0.042345	0.999999	2.05e-06	10611.0	0.51533	0.999988	2.05e-06	0.040304073436603555	0.5073149741824441	16033.0	0.77338	0.999997	-1.48e-06	1697.0	0.070137	0.84217	-1.48e-06	0.7665790102797035	0.08113793927803012	False	False	False	False	True	True	False	False	False	False	False	False	False	False	True
KCTD14	influenza_amplified	2.06277994426967	9.89971831559754e-08	1.26739487291659	2.39556410468411e-07	0.874103601997342	0.022187062683303	0.795385071353085	0.0278301956912311	1.0	14716.0	0.8046366668489255				False	False	6860.0	0.3348	0.999999	1.01e-05	12805.0	0.628	0.999988	1.01e-05	0.3279785809906292	0.6122107477529164	4293.0	0.20835	0.999997	-3.6e-07	18929.0	0.92368	0.999999	-3.6e-07	0.20525938321778628	0.9050442266316041	False	False	False	False	False	False	False	False	False	False	False	False	False	False	False
KIF1B	shared_core	0.911821953074378	0.000526008048626	0.470553467575964	0.0040224283237538	1.03106690678815	0.0102087692293973	0.441268485498415	0.0700630656330694	1.0	14753.0	0.80665974082782				False	False	5239.0	0.25546	0.999999	-2.97e-06	14667.0	0.72155	0.999988	-2.97e-06	0.2504781028877414	0.7012335054503729	7520.0	0.36501	0.999997	-7.69e-06	5489.0	0.2561	0.962545	-7.69e-06	0.3595505617977528	0.2624432225675353	False	False	False	False	False	False	False	False	False	False	False	False	False	False	False
KLRB1	shared_core	-0.91095441391845	0.000937746865114	-0.479146917977783	0.0049742709563696	-0.893623132591237	0.0211537496461202	-0.431807495940667	0.0927043198452134	0.56603808	3620.0	0.19793318388102138				False	False	8526.0	0.41377	0.999999	-6.99e-06	14432.0	0.71031	0.999988	-6.99e-06	0.40763052208835343	0.689998087588449	10079.0	0.48665	0.999997	2.79e-06	19030.0	0.92843	0.999999	2.79e-06	0.4819029404733445	0.9098732966770261	False	False	False	False	False	False	False	False	False	False	False	False	False	False	False
KPNB1	shared_core	0.413462106492929	0.0009591330258047	0.284394301678271	0.0001752057973331	0.56688184673164	0.021612440644878	0.129067804814659	0.315998230399874	0.05511391	142.0	0.007764229864946143	0.362322750378	0.133612762116166	0.0607465090675957	False	False	19561.0	0.94311	0.999999	-4.1e-06	2176.0	0.095158	0.896422	-4.1e-06	0.9352170587110347	0.10403518837253777	17380.0	0.83581	0.999997	-7.67e-06	1386.0	0.055553	0.816391	-7.67e-06	0.8309825484102319	0.0662682285441071	True	True	True	False	False	False	False	False	False	False	False	False	False	False	True
LAP3	shared_core	1.55246027354357	2.08374830799977e-07	1.08509984708487	1.06860074179185e-08	1.37025335429527	0.0017320235636741	0.467360426458695	0.113502625656866	0.52943849	3121.0	0.17064902400349938	0.469468645405			False	False	7826.0	0.38107	0.999999	6.45e-06	19568.0	0.95003	0.999988	6.45e-06	0.37416331994645247	0.9355517307324537	8302.0	0.40214	0.999997	-8.25e-07	1015.0	0.038323	0.766395	-8.25e-07	0.3969399952187425	0.0485297633277552	False	False	False	False	False	False	False	False	False	False	False	False	False	True	True
LDLR	shared_core	0.620785434674417	0.0009431893704965	0.598461190624009	1.27117610838999e-07	0.660849824724425	0.0474491921964835	0.0223242440504077	0.936094920926001	0.3982531	1801.0	0.0984744928645634				False	False	11849.0	0.57359	0.999999	-6.38e-06	12129.0	0.59173	0.999988	-6.38e-06	0.5665041116848346	0.5798909925415949	17363.0	0.83509	0.999997	-4.17e-07	13152.0	0.6525	0.999999	-4.17e-07	0.8301697346402104	0.6288309825484102	False	False	True	False	False	False	False	False	False	False	False	False	False	False	False
LILRB4	shared_core	0.960809852564664	0.0002299679374561	0.855335530402345	8.32150347566219e-08	0.736991431617951	0.0393905481699376	0.105474322162318	0.753363538114181	0.76342331	7603.0	0.4157143638252502				False	False	1337.0	0.067027	0.999999	9.1e-06	10375.0	0.50334	0.999988	9.1e-06	0.0639223560910308	0.49603174603174605	11878.0	0.57612	0.999997	-5.52e-07	12041.0	0.59687	0.999999	-5.52e-07	0.5679177623715037	0.5757112120487689	False	False	False	False	False	True	False	False	False	False	False	False	False	False	False
LMNB1	shared_core	1.22262817985754	2.54642887099595e-06	1.16469114387009	2.49582962977049e-12	1.46137670356741	0.0002893000739656	0.0579370359874494	0.879895520025269	0.78632346	8259.0	0.4515829186942971	0.902005511976			False	False	6071.0	0.29556	0.999999	-3.81e-06	12505.0	0.6125	0.999988	-3.81e-06	0.29025626314782943	0.5978676611206731	20335.0	0.9774	0.999997	-4.88e-06	2580.0	0.11277	0.90058	-4.88e-06	0.9722687066698542	0.12335644274444178	False	False	False	False	False	False	False	False	False	False	False	False	False	False	False
LMO2	shared_core	1.1668698962284	2.26155026340961e-06	0.975103619607939	3.68420188344071e-10	0.754145794892849	0.0444103854513233	0.191766276620465	0.496395408176639	0.65411185	5079.0	0.2777079118595877				False	False	20199.0	0.9718	0.999999	-1.22e-05	629.0	0.024534	0.786646	-1.22e-05	0.9657200229489387	0.0300726716389367	12424.0	0.60308	0.999997	-4.77e-07	14931.0	0.74216	0.999999	-4.77e-07	0.5940234281616065	0.7138895529524265	False	False	False	False	False	False	False	True	True	False	False	False	False	False	False
LOC643031	shared_core	-0.799609671420605	7.52118530060627e-05	-0.482414112382241	0.0001052756614364	-0.635900363756505	0.0391963507292111	-0.317195559038364	0.0999742013134939								False																					False	False	False	False	False	False	False	False	False	False	False	False	False	False	False
LOC650518	RSV_amplified	0.346214349826113	0.0279824875151189	0.652747867277583	1.54277130132606e-12	0.593020585503284	0.0246399979957743	-0.30653351745147	0.0194738239749561								False																					False	False	False	False	False	False	False	False	False	False	False	False	False	False	False
LY6E	shared_core	1.87002805288857	3.2417004509555e-08	1.2835471913231	2.7131691183556202e-09	1.89531540544063	4.01527501058007e-05	0.586480861565471	0.0738736847057182	0.56069105	3540.0	0.19355896987260102				False	False	1874.0	0.092645	0.999999	3.6e-06	9391.0	0.45488	0.998783	3.6e-06	0.08959648116274622	0.44898642187798815	1583.0	0.078004	0.999997	-1.93e-07	15467.0	0.76862	0.999999	-1.93e-07	0.07568730576141525	0.7395170929954578	False	False	False	False	False	True	False	False	False	False	False	True	False	False	False
LY96	shared_core	0.75853586728984	0.0141368391906259	1.0059930615701	2.16654722594989e-08	1.41388375599005	0.0002893000739656	-0.247457194280257	0.437780027017102	1.0	15062.0	0.8235551424353437				False	False	3531.0	0.17244	0.999999	1.1e-05	17263.0	0.844	0.999988	1.1e-05	0.16881812966150317	0.8253490151080513	13382.0	0.64744	0.999997	-4.71e-06	5949.0	0.28147	0.973722	-4.71e-06	0.6398278747310543	0.2844370069328233	False	False	False	False	False	False	False	False	False	False	False	False	False	False	False
M6PRBP1	shared_core	0.472785030161365	0.0193246322782482	0.542680841324138	2.89861107612967e-06	0.705778767922691	0.0199363398163012	-0.0698958111627732	0.780220687624594								False																					False	False	False	False	False	False	False	False	False	False	False	False	False	False	False
MATK	shared_core	-0.906006056708751	0.0074635451132083	-0.961891147319793	1.21582904833904e-06	-0.770868086600817	0.033573547379189	0.0558850906110422	0.907758498326929	0.61743683	4414.0	0.24134725791459347				False	False	8309.0	0.40377	0.999999	-6.25e-06	7447.0	0.35397	0.982448	-6.25e-06	0.3972556894243641	0.3560432205010518	17495.0	0.8411	0.999997	-2.83e-06	6833.0	0.32657	0.985405	-2.83e-06	0.8364809945015539	0.32670332297394217	False	False	False	False	False	False	False	False	False	False	False	False	False	False	False
MKNK1	shared_core	0.422833003277042	0.041780410444523	0.36574996060855	0.002240972460151	0.823464314760352	0.033573547379189	0.0570830426684914	0.830239591884933	0.5341921	3194.0	0.17464049428618295	0.84255751356			False	False	10925.0	0.52909	0.999999	2.6e-06	15428.0	0.75784	0.999988	2.6e-06	0.5223274048575254	0.7376171352074966	10916.0	0.52711	0.999997	-1.63e-06	8198.0	0.39717	0.999999	-1.63e-06	0.5219220655032274	0.3919674874491991	False	False	False	False	False	False	False	False	False	False	False	False	False	False	False
MMP9	shared_core	1.3349503971894	0.0223987807440482	1.70592097596101	3.61572266012388e-07	2.42444340950733	0.0062193283123586	-0.370970578771612	0.556164630256039	0.81438922	9210.0	0.5035813877193942				False	False	17434.0	0.84134	0.999999	-7.53e-06	8169.0	0.39365	0.995408	-7.53e-06	0.8335245744884299	0.39056224899598396	19433.0	0.93518	0.999997	-3.49e-06	5442.0	0.25374	0.961929	-3.49e-06	0.9291417642840067	0.26019603155629933	False	False	False	False	False	False	False	False	False	False	False	False	False	False	False
MOSC1	shared_core	0.827292965198597	0.0208651616132059	0.909571661977233	9.42164556905305e-06	1.15196600102998	0.0077787455886265	-0.0822786967786353	0.864809897797882								False																					False	False	False	False	False	False	False	False	False	False	False	False	False	False	False
MTF1	influenza_amplified	0.755968014580787	0.0002366238941842	0.377904921526396	0.0032926291287196	1.02631873310833	0.0038999299425751	0.378063093054392	0.0444614077722751	1.0	15371.0	0.8404505440428673				False	False	13651.0	0.66072	0.999999	-9.63e-06	5071.0	0.23369	0.951506	-9.63e-06	0.6526582520558424	0.24244597437368523	18299.0	0.87854	0.999997	-2.2e-06	13775.0	0.68254	0.999999	-2.2e-06	0.8749223045661009	0.6586182165909634	False	False	False	False	False	False	False	False	False	False	False	False	False	False	False
MTHFD2	shared_core	0.928842062183632	1.3580029194128e-06	0.854932225335846	3.87441123684465e-12	0.743242223407226	0.0102301396281102	0.0739098368477862	0.774399195759227	0.69946064	5979.0	0.3269178194543168				False	False	6783.0	0.33119	0.999999	1.1e-05	16104.0	0.79083	0.999988	1.1e-05	0.32429718875502006	0.7699368904188181	1037.0	0.051703	0.999997	5.48e-06	18385.0	0.90045	0.999999	5.48e-06	0.04958163997131246	0.8790341859909157	False	False	False	False	False	False	False	False	False	False	True	True	False	False	False
MX1	influenza_amplified	2.1985638071166	5.576222988221391e-10	1.11518565210337	6.00400944993981e-07	1.9342002611094	0.0001420268013791	1.08337815501323	0.0004109409501792	0.82248111	9491.0	0.5189458144239707	0.987406222269			False	False	10018.0	0.48497	0.999999	-2.68e-06	10192.0	0.49495	0.999988	-2.68e-06	0.4789634729393766	0.48728246318607765	14833.0	0.71689	0.999997	-3.29e-06	7546.0	0.3632	0.994357	-3.29e-06	0.709203920631126	0.3607936887401387	False	False	False	False	False	False	False	False	False	False	False	False	False	False	False
MX2	influenza_amplified	1.4599021335793	3.47861470436791e-06	0.749774260400461	0.0001421716869036	1.41791713302287	0.0018700074676811	0.710127873178838	0.0120210484461704	1.0	15402.0	0.8421455519711302				False	False	5595.0	0.2732	0.999999	3.21e-06	3019.0	0.13367	0.91121	3.21e-06	0.2674985656913368	0.14433926180914133	593.0	0.030423	0.999997	2.65e-06	4286.0	0.19496	0.94153	2.65e-06	0.02835285680133875	0.20492469519483625	False	False	False	False	False	False	False	False	False	False	True	True	False	False	False
MYBPC3	shared_core	1.02623186039749	0.0013202321063318	0.609901889402654	0.0018215035215002	0.851902994733415	0.0344671638931241	0.416329970994838	0.178748146832434	0.52245634	3006.0	0.1643610913663951				False	False	14679.0	0.71185	0.999999	-7.29e-06	5222.0	0.24181	0.954299	-7.29e-06	0.7018072289156626	0.249665327978581	17321.0	0.833	0.999997	-2.22e-06	8499.0	0.41306	0.999999	-2.22e-06	0.8281616065025101	0.4063590724360507	False	False	False	False	False	False	False	False	False	False	False	False	False	False	False
MYD88	shared_core	0.73071252909202	3.20466360093112e-05	0.725443103419295	4.7606833480704495e-11	0.683259794458411	0.0364044502893835	0.0052694256727257	0.982985889166114	0.7246269	6588.0	0.3602165235934168				False	False	13027.0	0.63006	0.999999	-1.23e-06	2953.0	0.13074	0.91121	-1.23e-06	0.6228246318607764	0.1411837827500478	14896.0	0.71995	0.999997	6.66e-07	18775.0	0.9171	0.999999	6.66e-07	0.7122161128376763	0.8976810901267033	False	False	False	False	False	False	False	False	False	False	False	False	False	False	False
NCF2	shared_core	0.700302955791271	0.0205596624270885	0.41504386327296	0.0231561954146316	0.97690547158902	0.0421531661924268	0.285259092518311	0.340180293715898	1.0	15469.0	0.8458089562031822				False	False	11658.0	0.5644	0.999999	1.1e-06	15767.0	0.774	0.999988	1.1e-06	0.557372346528973	0.7538248231019316	10316.0	0.49855	0.999997	-7.04e-07	8278.0	0.40142	0.999999	-7.04e-07	0.4932345206789386	0.395792493425771	False	False	False	False	False	False	False	False	False	False	False	False	False	False	False
NFIL3	shared_core	1.12776731577411	0.0001596683918713	0.807023754435956	9.71912378203942e-06	1.41732894048187	0.0004456133176963	0.320743561338157	0.299659932866746	1.0	15534.0	0.8493630050850238				False	False	304.0	0.015747	0.999999	5.46e-06	20079.0	0.96942	0.999988	5.46e-06	0.014534327787339835	0.9599827882960413	4748.0	0.23003	0.999997	-2.76e-06	11758.0	0.58068	0.999999	-2.76e-06	0.22701410470953862	0.5621802534066459	False	False	False	False	True	True	False	False	False	False	False	False	False	False	False
OAS3	influenza_amplified	3.08561626492734	4.9819357069997096e-11	1.80932756270374	1.19461297390606e-09	2.16646438205679	0.000265032905123	1.27628870222361	0.0019132847158254	0.32594435	1263.0	0.06905790365793646				False	False	5509.0	0.26874	0.999999	7.83e-07	8213.0	0.39632	0.995408	7.83e-07	0.2633868808567604	0.3926659017020463	1586.0	0.078131	0.999997	-3.21e-06	16382.0	0.8116	0.999999	-3.21e-06	0.0758307434855367	0.7832655988524982	False	False	True	False	False	False	False	False	False	False	False	True	False	False	False
OASL	influenza_amplified	2.83354220035409	2.59855486943172e-09	1.85237959335836	9.722855776592591e-10	2.85360374155392	2.70337822817836e-05	0.981162606995733	0.026403680729677	1.0	15665.0	0.8565257805238121				False	False	6633.0	0.32368	0.999999	-5.53e-06	4402.0	0.19881	0.930729	-5.53e-06	0.31712564543889843	0.21046089118378275	9053.0	0.43839	0.999997	-3.29e-06	9173.0	0.44725	0.999999	-3.29e-06	0.43284723882381065	0.4385847477886684	False	False	False	False	False	False	False	False	False	False	False	False	False	False	False
OPLAH	shared_core	0.87055652523263	0.0112214399510788	1.02401085610439	2.93231995431012e-07	1.67724042886487	0.008093451886995	-0.15345433087176	0.706183381430041								False	5284.0	0.25766	0.999999	1.48e-06	5302.0	0.24574	0.955263	1.48e-06	0.25262956588257796	0.25349015108051254	20069.0	0.96501	0.999997	-2.51e-06	4307.0	0.19632	0.943401	-2.51e-06	0.9595505617977528	0.20592875926368634	False	False	False	False	False	False	False	False	False	False	False	False	False	False	False
OSCAR	shared_core	0.815745494916931	0.0042975062624737	0.795336048512874	2.48852435431464e-06	0.969046832099789	0.0202226996294407	0.0204094464040576	0.960416031419111	0.7566754	7424.0	0.4059270599814096				False	False	17519.0	0.84568	0.999999	7.39e-07	1907.0	0.082609	0.884248	7.39e-07	0.8375884490342321	0.09117422069229299	10521.0	0.50803	0.999997	1.28e-06	9842.0	0.48205	0.999999	1.28e-06	0.5030360984939038	0.4705713602677504	False	False	False	False	False	False	False	False	True	False	False	False	False	False	False
OSM	shared_core	1.04445619619242	0.0032047595562157	0.88485219960663	2.68282924679347e-05	0.927662137503409	0.0209732740995411	0.159603996585791	0.711215730013171	0.67262653	5418.0	0.296243643720269				False	False	20648.0	0.99149	0.999999	-2.9e-06	949.0	0.038978	0.833674	-2.9e-06	0.9871868426085294	0.04537196404666284	13240.0	0.64083	0.999997	-1.15e-06	4527.0	0.20768	0.943434	-1.15e-06	0.6330384891226393	0.2164475256992589	False	False	False	False	False	False	False	True	True	False	False	False	False	False	False
OTOF	influenza_amplified	5.3248876074252	2.9964921408824497e-12	3.21801288209601	2.2153742914063888e-11	2.19797576719444	0.0030470801134052	2.10687472532918	0.0013066425436952	0.20036533	591.0	0.03231450598720542	0.850728485895	0.6822818277256	0.282317157536249	False	False	5005.0	0.24334	0.999999	-2.35e-06	10778.0	0.52275	0.999988	-2.35e-06	0.2392904953145917	0.5152992924077261	17477.0	0.84034	0.999997	-9.52e-07	3703.0	0.16748	0.933388	-9.52e-07	0.8356203681568253	0.17704996414056898	False	True	True	False	False	False	False	False	False	False	False	False	False	False	False
PAFAH2	shared_core	-0.47218982764965	0.0011306893802694	-0.298969042537132	0.0007097971224588	-0.598420790251568	0.0433847201194347	-0.173220785112519	0.227458734265674	1.0	15896.0	0.8691563234731259				False	False	12804.0	0.61969	0.999999	-4.64e-07	18853.0	0.91803	0.999988	-4.64e-07	0.6121629374641423	0.9013673742589405	284.0	0.014888	0.999997	1.02e-05	16412.0	0.81291	0.999999	1.02e-05	0.013578771216830026	0.7846999760937127	False	False	False	False	False	False	False	False	False	False	True	True	False	False	False
PARP12	influenza_amplified	1.37140095530781	1.95453078793748e-09	0.606833794097856	2.49224055651924e-05	0.904705044832916	0.0203811239963597	0.76456716120995	9.10923059312783e-05	1.0	15923.0	0.8706326207009678	0.982458489529			False	False	12215.0	0.59072	0.999999	-7.61e-06	12349.0	0.60398	0.999988	-7.61e-06	0.5840026773761714	0.5904092560719066	15357.0	0.74188	0.999997	-3.18e-06	10501.0	0.51607	0.999999	-3.18e-06	0.7342577097776716	0.5020798469997609	False	False	False	False	False	False	False	False	False	False	False	False	False	False	False
PARP9	influenza_amplified	1.83890335227606	1.96041432360996e-09	1.14954404547414	3.4494970386891e-09	1.68445436832728	2.70337822817836e-05	0.689359306801922	0.0135480705332072	0.61661227	4403.0	0.24074580348843566				False	False	16244.0	0.78638	0.999999	-4.32e-06	3975.0	0.1792	0.928784	-4.32e-06	0.7766303308471983	0.19004589787722317	18510.0	0.88975	0.999997	1.17e-06	18582.0	0.90937	0.999999	1.17e-06	0.8850107578293092	0.8884532632082237	False	False	False	False	False	False	False	False	False	False	False	False	False	False	False
PCNX	shared_core	0.427819564525347	0.0104619768631958	0.282201155143797	0.0047531954503349	0.965888752014616	0.0017320235636741	0.14561840938155	0.394218466529125								False	2369.0	0.11688	0.999999	1.95e-05	17028.0	0.83347	0.999988	1.95e-05	0.1132625741059476	0.8141135972461274	12662.0	0.61429	0.999997	-1.76e-06	19813.0	0.96123	0.999999	-1.76e-06	0.6054028209419077	0.947310542672723	False	False	False	False	False	False	False	False	False	False	False	False	False	False	False
PFKFB3	shared_core	0.688443817392594	0.0265368313409405	0.785102328147566	9.50059502429603e-06	1.29300907779763	0.0200512515913772	-0.0966585107549722	0.804638988721347	0.77567724	7961.0	0.4352889715129313				False	False	18076.0	0.87324	0.999999	-3.97e-06	12702.0	0.62386	0.999988	-3.97e-06	0.8642187798814305	0.6072862880091796	10281.0	0.49664	0.999997	-7.3e-07	18460.0	0.90319	0.999999	-7.3e-07	0.4915610805641884	0.8826201290939517	False	False	False	False	False	False	False	False	False	False	False	False	False	False	False
PFKFB4	shared_core	0.60036780889574	0.0218198075553282	0.409792517170919	0.0083438403259734	0.905582632698248	0.02275552826373	0.190575291724821	0.486575747856574	0.36713262	1536.0	0.08398490896167095				False	False	9911.0	0.47986	0.999999	-1.27e-06	13150.0	0.64628	0.999988	-1.27e-06	0.4738477720405431	0.6287052973799961	4656.0	0.2257	0.999997	-2.81e-06	6132.0	0.29092	0.976001	-2.81e-06	0.222615347836481	0.2931867081042314	False	False	True	False	False	False	False	False	False	False	False	False	False	False	False
PGS1	shared_core	0.652831177971192	0.0165126548612947	0.628218779450629	6.47113153992945e-05	1.05175984688342	0.016974267390277	0.0246123985205635	0.949060405688116	0.87500408	11580.0	0.6331674777188474				False	False	12365.0	0.59766	0.999999	-2.65e-06	2679.0	0.11849	0.909175	-2.65e-06	0.591174220692293	0.1280837636259323	12667.0	0.61457	0.999997	-2.51e-06	6032.0	0.28564	0.974754	-2.51e-06	0.6056418838154435	0.28840545063351664	False	False	False	False	False	False	False	False	False	False	False	False	False	False	False
PHF11	influenza_amplified	1.0003979202528	2.00556621251702e-06	0.436845444562205	0.0010350100350937	0.626555886155455	0.0464891102066458	0.563552475690597	0.0021058276179969								False	434.0	0.022207	0.999999	-4.1e-06	17069.0	0.83593	0.999988	-4.1e-06	0.020749665327978582	0.8160738190858673	14935.0	0.72144	0.999997	-1.02e-06	15058.0	0.7486	0.999999	-1.02e-06	0.7140808032512551	0.7199617499402343	False	False	False	False	True	True	False	False	False	False	False	False	False	False	False
PLSCR1	shared_core	2.12820092429019	4.6281069915916e-08	1.47219721869832	3.2071891967139304e-09	1.29775247118087	0.0136861389834591	0.656003705591874	0.0845398199867525	0.67415442	5453.0	0.2981573623489529				False	False	15728.0	0.7622	0.999999	-8.21e-06	11881.0	0.57911	0.999988	-8.21e-06	0.7519602218397399	0.5680340409256072	13166.0	0.63805	0.999997	6.74e-06	16945.0	0.83588	0.999999	6.74e-06	0.6295003585943103	0.8101840784126225	False	False	False	False	False	False	False	False	False	False	False	False	False	False	False
PPP1R3D	shared_core	0.508743404364135	0.0084058684192112	0.659993213740056	6.2531398358972204e-09	0.856302362797546	0.0077261674955084	-0.151249809375921	0.457538579638286	0.7202005	6469.0	0.3537098802558915				False	False	19943.0	0.96087	0.999999	-7.01e-06	3754.0	0.1689	0.928784	-7.01e-06	0.9534805890227577	0.1794798240581373	12705.0	0.61643	0.999997	1.72e-06	16803.0	0.83012	0.999999	1.72e-06	0.6074587616543151	0.8033946928042075	False	False	False	False	False	False	False	False	False	False	False	False	False	False	False
PRAM1	shared_core	0.544727055430704	0.0352707883507315	0.400737290147271	0.0083444165678079	0.747552543091715	0.0447119376086988	0.143989765283433	0.611334658459317	0.7161667	6368.0	0.3481874350702608				False	False	13422.0	0.64972	0.999999	3.56e-06	13933.0	0.68486	0.999988	3.56e-06	0.6417096959265634	0.6661407534901511	2038.0	0.10044	0.999997	1.99e-06	19438.0	0.94643	0.999999	1.99e-06	0.09744202725316758	0.9293808271575424	False	False	False	False	False	False	False	False	False	False	False	True	False	False	False
PRIC285	influenza_amplified	1.69459925209451	3.0206714803449604e-09	0.682441835554307	0.0001755701099567	1.32156894475042	0.0077116952060623	1.01215741654021	3.60879462601651e-05								False																					False	False	False	False	False	False	False	False	False	False	False	False	False	False	False
PRKCD	shared_core	0.570796720309872	0.0023811172456001	0.339749479753177	0.0030926116572958	0.714025928072761	0.0435526901195925	0.231047240556695	0.206919446147379	0.84827898	10470.0	0.5724752583520148				False	False	2423.0	0.11953	0.999999	2.45e-06	7014.0	0.33218	0.975141	2.45e-06	0.11584432969975139	0.3353413654618474	1761.0	0.086824	0.999997	-1.24e-06	3427.0	0.15353	0.922361	-1.24e-06	0.0841979440592876	0.16385369352139612	False	False	False	False	False	False	False	False	False	False	False	True	False	False	False
PSTPIP2	shared_core	1.02165532619008	8.61545523150113e-05	1.07772714063821	3.03954304323165e-11	1.15549899151886	0.0078781122852434	-0.0560718144481296	0.881910665657659	0.7573371	7440.0	0.40680190278309364				False	False	7978.0	0.38799	0.999999	-2.83e-06	14508.0	0.71368	0.999988	-2.83e-06	0.3814304838401224	0.693631669535284	4388.0	0.21314	0.999997	-5.36e-06	10966.0	0.54069	0.999999	-5.36e-06	0.20980157781496533	0.5243126942385847	False	False	False	False	False	False	False	False	False	False	False	False	False	False	False
RENBP	shared_core	0.422881286253025	0.0245530705726503	0.40749612784435	0.0001659081409448	0.839930254965013	0.025205842014629	0.0153851584086748	0.953590508133783	1.0	16512.0	0.9028377713379627				False	False	8367.0	0.40663	0.999999	-5.64e-06	3662.0	0.16445	0.926296	-5.64e-06	0.4000286861732645	0.17508127749091604	6247.0	0.304	0.999997	1.73e-06	14298.0	0.70987	0.999999	1.73e-06	0.2986851541955534	0.6836241931628018	False	False	False	False	False	False	False	False	False	False	False	False	False	False	False
RIN2	shared_core	1.05037604818896	8.8839123244325e-05	0.680088862395874	3.53630467176019e-05	1.1112205450252	0.0288847343929842	0.370287185793087	0.158881264839674	1.0	16563.0	0.9056263327683307				False	False	3083.0	0.15097	0.999999	-3.8e-06	514.0	0.01945	0.773054	-3.8e-06	0.14739912029068655	0.024574488429910116	5241.0	0.25387	0.999997	-8.84e-07	3453.0	0.15448	0.922361	-8.84e-07	0.25058570404016256	0.16509682046378196	False	False	False	False	False	False	False	True	True	False	False	False	False	False	False
RNASE2	shared_core	1.01960574978646	0.0048969280738222	1.61262841484421	2.77366526020413e-13	1.17568868014997	0.0474491921964835	-0.593022665057752	0.0695505165260561	1.0	16576.0	0.906337142544699				False	False	19165.0	0.92441	0.999999	-3.71e-06	1391.0	0.059097	0.861868	-3.71e-06	0.9162841843564735	0.06650411168483458	17962.0	0.86333	0.999997	7.33e-07	7866.0	0.38	0.997671	7.33e-07	0.858809466889792	0.376093712646426	False	False	False	False	False	False	False	False	True	False	False	False	False	False	False
RSAD2	influenza_amplified	3.72786454499221	1.55394343536717e-11	2.36658081263077	1.49348881818292e-11	2.22588270177777	0.0008721527105597	1.36128373236144	0.0052391712328245	1.0	16645.0	0.9101099021269615				False	False	1714.0	0.084816	0.999999	3.76e-06	763.0	0.030476	0.820374	3.76e-06	0.08194683495888315	0.036479250334672024	18519.0	0.89	0.999997	-4.12e-06	7386.0	0.35394	0.990835	-4.12e-06	0.8854410710016735	0.353143676786995	False	False	False	False	False	True	False	True	True	False	False	False	False	False	False
S100A11	shared_core	0.635789458456014	0.0197063888336585	0.763909652514805	1.05637500876637e-06	1.21235387053537	0.0023769475624268	-0.128120194058791	0.684523868108142	1.0	16677.0	0.9118595877303297	0.952093075231			False	False	9314.0	0.45169	0.999999	-4.26e-06	7481.0	0.35596	0.982602	-4.26e-06	0.44530502964237906	0.3576687703193727	13584.0	0.65811	0.999997	-4.38e-06	847.0	0.030961	0.73564	-4.38e-06	0.6494860148218982	0.04049725077695434	False	False	False	False	False	False	False	False	False	False	False	False	False	True	True
S100A6	shared_core	0.753575310435178	0.0005283163783545	0.668365639267071	3.97898802568789e-07	0.833669124701142	0.0063347400977315	0.0852096711681067	0.760351800742917	0.71212022	6274.0	0.3430477336103669				False	False	15454.0	0.74868	0.999999	-1.32e-06	7459.0	0.35499	0.982602	-1.32e-06	0.7388602027156244	0.3566169439663416	14402.0	0.69661	0.999997	-3.31e-06	5945.0	0.28137	0.973722	-3.31e-06	0.6885967009323452	0.28424575663399476	False	False	False	False	False	False	False	False	False	False	False	False	False	False	False
SAMD9	influenza_amplified	1.31252277338186	7.137026051563631e-09	0.77294826040953	7.79605392150533e-08	0.956500679850107	0.0106405379994996	0.539574512972333	0.0085695205525956	0.6008658	4138.0	0.22625621958554323				False	False	9747.0	0.47177	0.999999	1.1e-08	19462.0	0.94553	0.999988	1.1e-08	0.46600688468158347	0.9304838401223944	10591.0	0.51146	0.999997	-1.17e-06	19117.0	0.93214	0.999999	-1.17e-06	0.5063829787234042	0.914032990676548	False	False	False	False	False	False	False	False	False	False	False	False	False	False	False
SAMD9L	influenza_amplified	1.93101299378182	1.71801508509252e-10	0.880088178030961	3.87637739853457e-06	1.65048318163437	4.99153291415237e-05	1.05092481575086	4.72494213865329e-05	1.0	16698.0	0.91300781890754				False	False	7433.0	0.36307	0.999999	1.67e-06	13364.0	0.65668	0.999988	1.67e-06	0.35537387645821383	0.638936699177663	19741.0	0.94973	0.999997	-1.58e-06	2274.0	0.098805	0.893753	-1.58e-06	0.9438680372938083	0.10872579488405451	False	False	False	False	False	False	False	False	False	False	False	False	False	False	False
SCO2	influenza_amplified	1.76191366534086	2.6034739502067603e-09	1.18981237439196	3.1149408264455003e-10	1.29688324690971	0.0056036085196715	0.572101290948909	0.0404931915430809	1.0	16730.0	0.9147575045109082				False	False	4521.0	0.22066	0.999999	-1.36e-06	9247.0	0.44819	0.998783	-1.36e-06	0.2161503155479059	0.4421017402945114	20049.0	0.96411	0.999997	-1.25e-06	4404.0	0.20156	0.943434	-1.25e-06	0.9585943103036099	0.2105665790102797	False	False	False	False	False	False	False	False	False	False	False	False	False	False	False
SERPINB1	shared_core	0.656460882799818	0.0078779853975652	0.887958944807526	1.1395955573083e-09	0.896838124454758	0.0464891102066458	-0.231498062007708	0.355753113086927	0.81457247	9217.0	0.503964131445131				False	False	8148.0	0.39625	0.999999	-2.23e-06	9791.0	0.47522	0.999988	-2.23e-06	0.3895582329317269	0.4681105373876458	14403.0	0.69663	0.999997	-3.17e-06	3144.0	0.14013	0.917065	-3.17e-06	0.6886445135070524	0.15032273487927325	False	False	False	False	False	False	False	False	False	False	False	False	False	False	False
SERPING1	shared_core	2.31207038965538	1.34872200886867e-05	1.78754341034506	6.18502288563874e-08	2.4027968960334	0.0025266594380271	0.524526979310314	0.358702327481986	0.68589459	5693.0	0.311280004374214				False	False	2654.0	0.13048	0.999999	1.44e-06	17625.0	0.8595	0.999988	1.44e-06	0.1268885064065787	0.8426563396442914	17346.0	0.834	0.999997	-2.04e-06	11433.0	0.56573	0.999999	-2.04e-06	0.8293569208701889	0.5466411666268228	False	False	False	False	False	False	False	False	False	False	False	False	False	False	False
SH3GLB1	shared_core	0.540579275773	0.0068997243183346	0.718912238645032	1.26771525829906e-09	0.951927203062676	0.0058100239891639	-0.178332962872032	0.386215458106276	0.85853916	10882.0	0.5950024604953797				False	False	10391.0	0.50212	0.999999	6.26e-06	17330.0	0.84679	0.999988	6.26e-06	0.4967967106521323	0.8285523044559189	150.0	0.0079429	0.999997	1.15e-05	10399.0	0.51111	0.999999	1.15e-05	0.007171886206072197	0.49720296437963185	False	False	False	False	False	False	False	False	False	True	True	True	False	False	False
SIGLEC5	shared_core	0.992800507324142	0.0093270576611229	1.01258682979793	5.39578578338398e-06	1.60678288715199	0.0099798265031201	-0.0197863224737889	0.969918003588244	0.7048678	6104.0	0.33375252884247364				False	False	8382.0	0.40713	0.999999	-2.16e-07	3479.0	0.15543	0.920807	-2.16e-07	0.40074584050487666	0.16633199464524764	5197.0	0.25165	0.999997	-5.7e-07	15442.0	0.76719	0.999999	-5.7e-07	0.24848195075304805	0.7383217786277791	False	False	False	False	False	False	False	False	False	False	False	False	False	False	False
SIPA1L2	shared_core	0.788935599877234	0.0286585772142102	0.506620212027641	0.0188234218561325	1.1492899557258	0.0404802100348659	0.282315387849594	0.443034222509803	0.77298138	7888.0	0.4312975012302477				False	False	20546.0	0.98746	0.999999	-1.16e-05	1307.0	0.055376	0.856515	-1.16e-05	0.9823101931535666	0.06248804742780646	19276.0	0.92666	0.999997	-5.72e-06	3186.0	0.14187	0.920041	-5.72e-06	0.9216351900549845	0.15233086301697346	False	False	False	False	False	False	False	False	True	False	False	False	False	False	False
SLC16A3	shared_core	0.678491022256228	0.0036040650914958	0.713009290342153	2.62076269258142e-07	0.988400422077096	0.0136861389834591	-0.0345182680859253	0.919007926311265	1.0	16882.0	0.9230685111269069	0.956104786754			False	False	11608.0	0.56195	0.999999	4.55e-06	10760.0	0.52215	0.999988	4.55e-06	0.5549818320902659	0.5144387072097916	3632.0	0.17588	0.999997	1.42e-07	14157.0	0.70239	0.999999	1.42e-07	0.17365527133636147	0.676882620129094	False	False	False	False	False	False	False	False	False	False	False	False	False	False	False
SLC26A8	shared_core	2.26482169803146	6.36727220780951e-08	1.72481440600983	1.47622516817733e-10	1.87931797852942	0.0003801503285363	0.540007292021627	0.213355380286229	0.80030293	8732.0	0.47744545901908253				False	False	849.0	0.042768	0.999999	4.79e-06	16461.0	0.80769	0.999988	4.79e-06	0.04059093516924842	0.7870051635111877	6631.0	0.32158	0.999997	5.39e-07	20013.0	0.9678	0.999999	5.39e-07	0.31704518288309824	0.9568730576141525	False	False	False	False	True	True	False	False	False	False	False	False	False	False	False
SLC2A14	shared_core	0.945877764602003	0.002124582705314	0.907697387918186	8.2785504862668e-07	0.994568388964586	0.0404802100348659	0.0381803766838171	0.93302875861129	0.70730891	6164.0	0.3370331893487889				False	False	2074.0	0.10251	0.999999	1.18e-06	11805.0	0.57434	0.999988	1.18e-06	0.09915853891757506	0.5644004589787722	13909.0	0.67408	0.999997	5.84e-07	10759.0	0.52964	0.999999	5.84e-07	0.6650251016017212	0.5144154912742052	False	False	False	False	False	True	False	False	False	False	False	False	False	False	False
SLC2A3	shared_core	0.545619634705547	0.0241776950527462	0.611887983523074	1.01101363650283e-05	1.10272225476014	0.0010032659628475	-0.0662683488175269	0.833870329262889	0.29068192	1039.0	0.05681010443435945	0.227800063653			False	False	20772.0	0.99605	0.999999	-5.34e-06	508.0	0.019237	0.773054	-5.34e-06	0.9931153184165232	0.024287626697265252	7692.0	0.3734	0.999997	-4.86e-07	6554.0	0.31206	0.982703	-4.86e-07	0.36777432464738224	0.3133636146306479	False	False	True	False	False	False	False	True	True	False	False	False	False	False	False
SLC30A1	shared_core	0.616031137148588	0.0003376030360011	0.851560084361042	5.6696190454731605e-15	0.56366659038837	0.0451001673453349	-0.235528947212454	0.159904904026469	0.62025193	4459.0	0.24380775329432994				False	False	6727.0	0.32804	0.999999	3.72e-07	10498.0	0.50937	0.999988	3.72e-07	0.321619812583668	0.5019124115509658	15566.0	0.75244	0.999997	7.92e-07	17412.0	0.85541	0.999999	7.92e-07	0.7442505378914654	0.8325125508008606	False	False	False	False	False	False	False	False	False	False	False	False	False	False	False
SPI1	shared_core	0.616518253159525	0.0234759278491691	0.622308356682517	6.76381516802635e-05	1.08362322986696	0.0019971725705135	-0.0057901035229921	0.986935171743475	0.50431963	2797.0	0.15293345726939692				False	False	2068.0	0.10221	0.999999	3.2e-06	15429.0	0.75785	0.999988	3.2e-06	0.0988716771849302	0.7376649454962708	20092.0	0.96555	0.999997	-3.22e-06	2027.0	0.085526	0.865855	-3.22e-06	0.9606502510160172	0.09691608893138895	False	False	False	False	False	True	False	False	False	False	False	False	False	False	True
SQRDL	shared_core	0.774620123851232	8.39026196538449e-05	0.792731792158698	9.466090388630919e-11	1.14486609556563	0.0038048633696418	-0.0181116683074656	0.951366955534272								False	20418.0	0.98142	0.999999	-8.8e-06	4543.0	0.20663	0.938447	-8.8e-06	0.9761904761904762	0.2172021419009371	4758.0	0.23068	0.999997	-3.28e-06	9157.0	0.44654	0.999999	-3.28e-06	0.2274922304566101	0.43781974659335404	False	False	False	False	False	False	False	False	False	False	False	False	False	False	False
SRPK1	shared_core	0.462918080438591	0.0097904885495248	0.407167318157105	0.0001023725432611	0.871124486505537	0.009682173597536	0.0557507622814857	0.809793952213695	0.50635284	2824.0	0.1544097544972388				False	False	9050.0	0.43908	0.999999	-1.19e-06	12172.0	0.59458	0.999988	-1.19e-06	0.43268311340600496	0.5819468349588831	7570.0	0.36717	0.999997	2.55e-06	18000.0	0.88414	0.999999	2.55e-06	0.3619411905331102	0.8606263447286636	False	False	False	False	False	False	False	False	False	False	False	False	False	False	False
STAT1	influenza_amplified	1.34311045099579	3.2957177541275e-05	0.712940243681041	0.0004104806745081	1.23335959762806	0.0106355720001581	0.630170207314746	0.0335429382267209	0.61607296	4392.0	0.24014434906227788	0.889289092416			False	False	6847.0	0.33423	0.999999	-3.25e-06	7666.0	0.36598	0.985538	-3.25e-06	0.32735704723656533	0.3665136737425894	8527.0	0.41294	0.999997	2.66e-06	7981.0	0.38586	0.998112	2.66e-06	0.4076978245278508	0.38159215873774804	False	False	False	False	False	False	False	False	False	False	False	False	False	False	False
STX10	shared_core	0.352333593723797	0.0325233471127011	0.361253658954405	0.0001225015456752	0.628434785605866	0.0136861389834591	-0.0089200652306082	0.968370931911492	1.0	17224.0	0.9417682760129039				False	False	1334.0	0.066818	0.999999	-3.81e-06	7006.0	0.33198	0.975073	-3.81e-06	0.06377892522470836	0.33495888315165423	18800.0	0.90341	0.999997	-2.01e-06	3411.0	0.15261	0.922361	-2.01e-06	0.898876404494382	0.16308869232608175	False	False	False	False	False	True	False	False	False	False	False	False	False	False	False
TAP1	shared_core	0.795095242019741	5.61428120108439e-06	0.652858013820472	2.7351395286229204e-09	0.911858859071394	0.0103029910306174	0.142237228199269	0.472281184053918	0.70188141	6031.0	0.32976105855979004				False	False	19964.0	0.96208	0.999999	-7.17e-06	2945.0	0.1305	0.91121	-7.17e-06	0.9544846050870147	0.14080130043985464	15930.0	0.76793	0.999997	-1.57e-06	10013.0	0.49002	0.999999	-1.57e-06	0.7616543150848674	0.4787473105426727	False	False	False	False	False	False	False	False	False	False	False	False	False	False	False
TCN2	shared_core	1.92365187112533	1.0976405104078e-06	1.46553307915674	3.8834969717571815e-09	0.799445107217855	0.033573547379189	0.458118791968595	0.267970587882188	1.0	17346.0	0.9484389523757449				False	False	20196.0	0.97162	0.999999	-2.13e-06	6451.0	0.30329	0.965273	-2.13e-06	0.9655765920826161	0.3084241728820042	7720.0	0.37472	0.999997	-2.05e-06	6944.0	0.33172	0.986036	-2.05e-06	0.3691130767391824	0.33201051876643556	False	False	False	False	False	False	False	False	False	False	False	False	False	False	False
TDRD7	influenza_amplified	1.20864215613657	1.80046811729815e-08	0.729999124972036	7.98176200342682e-08	1.13456636550498	0.0019971725705135	0.478643031164538	0.0150214289619364	1.0	17357.0	0.9490404068019028				False	False	903.0	0.045348	0.999999	-3.83e-06	19235.0	0.93524	0.999988	-3.83e-06	0.04317269076305221	0.9196309045706637	909.0	0.045867	0.999997	1.62e-06	19034.0	0.92864	0.999999	1.62e-06	0.04346163040879751	0.9100645469758547	False	False	False	False	True	True	False	False	False	False	True	True	False	False	False
TIMD4	RSV_amplified	1.18983472196865	0.0031344225628621	2.27051066798011	7.7800543157013235e-19	1.10636244686695	0.0404802100348659	-1.08067594601146	0.0011212570108123	1.0	17432.0	0.9531412324347969				False	False	8297.0	0.40314	0.999999	3.09e-06	18833.0	0.91728	0.999988	3.09e-06	0.3966819659590744	0.9004111684834576	15312.0	0.73979	0.999997	-7.17e-07	16361.0	0.81063	0.999999	-7.17e-07	0.7321061439158498	0.7822615347836481	False	False	False	False	False	False	False	False	False	False	False	False	False	False	False
TLR2	influenza_amplified	0.896964127251668	0.0010066489577428	0.354721922465894	0.0430530521160123	0.884826583461387	0.0432819223414268	0.542242204785775	0.0246883484004081	1.0	17450.0	0.9541254305866914				False	False	3143.0	0.15391	0.999999	-2.5e-07	8386.0	0.40447	0.995408	-2.5e-07	0.15026773761713522	0.4009370816599732	9290.0	0.44978	0.999997	-1.05e-06	10721.0	0.52716	0.999999	-1.05e-06	0.44417881902940476	0.5125986134353335	False	False	False	False	False	False	False	False	False	False	False	False	False	False	False
TLR5	shared_core	0.943114945104155	0.0014181286752709	0.760806438163639	1.79314288294298e-05	1.25502154480937	0.0031556754105376	0.182308506940515	0.590731401011688	1.0	17453.0	0.9542894636120072				False	False	1472.0	0.073365	0.999999	4.96e-07	10430.0	0.50591	0.999988	4.96e-07	0.07037674507554026	0.49866131191432395	17678.0	0.84982	0.999997	-2.62e-06	6808.0	0.32498	0.985371	-2.62e-06	0.8452306956729619	0.32550800860626344	False	False	False	False	False	True	False	False	False	False	False	False	False	False	False
TNFAIP6	shared_core	1.35248441419493	0.0019807496042913	1.12322678073333	1.768935069718e-05	1.67055000776822	0.0014870747830483	0.229257633461609	0.657977819305693	1.0	17586.0	0.9615615944010061				False	False	1896.0	0.093624	0.999999	2.48e-06	20069.0	0.96895	0.999988	2.48e-06	0.09064830751577739	0.9595046854082999	7249.0	0.35202	0.999997	-3.23e-06	14251.0	0.70702	0.999999	-3.23e-06	0.3465933540521157	0.6813770021515658	False	False	False	False	False	True	False	False	False	False	False	False	False	False	False
TNFSF10	shared_core	1.06436185859724	0.0003020918380308	1.04617802748867	7.1284528870790515e-09	1.39871121628669	0.0014870747830483	0.0181838311085691	0.966595355063254	1.0	17600.0	0.9623270818524796				False	False	18767.0	0.90507	0.999999	-6.46e-06	16808.0	0.82337	0.999988	-6.46e-06	0.8972556894243642	0.8035953337158156	19693.0	0.94739	0.999997	-3.84e-06	2845.0	0.12524	0.904339	-3.84e-06	0.9415730337078652	0.136026775041836	False	False	False	False	False	False	False	False	False	False	False	False	False	False	False
TNFSF13B	shared_core	1.42215043788842	2.76482881620581e-05	1.05928355999215	4.41506877535371e-07	1.49061892403873	0.0029036572278948	0.36286687789627	0.309007251510766	0.45411138	2253.0	0.12318880201213844				False	False	17312.0	0.83583	0.999999	-7.14e-06	6625.0	0.31257	0.968952	-7.14e-06	0.8276917192579843	0.3167431631287053	20158.0	0.96823	0.999997	-3.92e-06	13809.0	0.68436	0.999999	-3.92e-06	0.963805880946689	0.6602438441310065	False	False	False	False	False	False	False	False	False	False	False	False	False	False	False
TOM1	shared_core	0.566617519530919	0.0019220245926685	0.388056653231844	0.0004392486623334	0.735344857920007	0.0304197025729072	0.178560866299074	0.344324949856507	0.32633746	1268.0	0.06933129203346274	0.996744351594	0.983115336989459	0.914079049936063	False	False	3057.0	0.14962	0.999999	9.79e-06	17463.0	0.85236	0.999988	9.79e-06	0.1461560527825588	0.8349110728628801	19653.0	0.9456	0.999997	-1.34e-06	2812.0	0.12362	0.904339	-1.34e-06	0.9396605307195792	0.13444896007650012	False	False	True	False	False	False	False	False	False	False	False	False	False	False	False
TOP2A	shared_core	0.860435593618857	0.0042591004479144	1.19273843692244	4.314552120710239e-11	1.03073499175294	0.0428959176392	-0.332302843303581	0.264489362026892	0.05386624	136.0	0.007436163814314616	0.443328517437	0.175137363545681	0.0327241222341017	False	False	18906.0	0.91196	0.999999	-4.37e-06	599.0	0.023218	0.786118	-4.37e-06	0.9039013195639701	0.028638362975712373	18571.0	0.89266	0.999997	-3.17e-06	732.0	0.025795	0.704023	-3.17e-06	0.8879273248864451	0.03499880468563232	True	True	True	False	False	False	False	True	True	False	False	False	False	True	True
TRIM21	shared_core	0.741842533988488	0.0001964288592632	0.565615225668551	3.26645080609225e-06	0.798475390007565	0.0050855771292399	0.176227308319937	0.412684038484513	0.63565724	4751.0	0.25977363442506424	0.745572864757			False	False	8722.0	0.42304	0.999999	-8.3e-08	5247.0	0.24278	0.954299	-8.3e-08	0.4170013386880857	0.2508605851979346	16782.0	0.80892	0.999997	1.01e-06	15626.0	0.77591	0.999999	1.01e-06	0.8023906287353574	0.7471192923738943	False	False	False	False	False	False	False	False	False	False	False	False	False	False	False
TRIM22	influenza_amplified	1.3867550527311	9.32454684668072e-08	0.803467641177969	1.03625786392452e-06	1.03767959728156	0.0135870430401144	0.583287411553133	0.0143716332232847	0.87635518	11643.0	0.6366121712504784				False	False	12732.0	0.61566	0.999999	1.41e-06	19043.0	0.92742	0.999988	1.41e-06	0.6087205966724039	0.9104513291260279	19248.0	0.92486	0.999997	-1.98e-06	4939.0	0.22942	0.956812	-1.98e-06	0.9202964379631843	0.23614630647860388	False	False	False	False	False	False	False	False	False	False	False	False	False	False	False
TRIM25	influenza_amplified	1.01615859992467	2.69025841392088e-06	0.360929534976748	0.0100665990320353	1.12713879482129	0.0031746278180993	0.655229064947921	0.0004109409501792	1.0	17660.0	0.9656077423587949	0.843324813219			False	False	7558.0	0.36889	0.999999	-8.52e-06	2432.0	0.10739	0.905859	-8.52e-06	0.3613501625549818	0.11627462229871868	9979.0	0.48169	0.999997	2.34e-07	15474.0	0.76899	0.999999	2.34e-07	0.4771216830026297	0.7398517810184079	False	False	False	False	False	False	False	False	False	False	False	False	False	False	False
UBE2L6	shared_core	0.84523985459643	0.0220914142121784	0.462612697880008	0.0401998688864625	0.855605163660897	0.010995612834822	0.382627156716422	0.282318033897093	1.0	17794.0	0.972934550822899				False	False	6658.0	0.32492	0.999999	3.13e-06	16432.0	0.8065	0.999988	3.13e-06	0.3183209026582521	0.7856186651367374	6278.0	0.30531	0.999997	-3.42e-06	9910.0	0.48534	0.999999	-3.42e-06	0.300167344011475	0.4738226153478365	False	False	False	False	False	False	False	False	False	False	False	False	False	False	False
UPP1	shared_core	0.73360669181136	0.0014215235416701	0.605886449533692	1.13364390238084e-05	1.01998513459374	0.0115895242484476	0.127720242277668	0.636303259461184	1.0	17845.0	0.975723112253267				False	False	5304.0	0.25839	0.999999	-8.01e-06	1920.0	0.077715	0.883721	-8.01e-06	0.2535857716580608	0.09179575444635686	7887.0	0.3829	0.999997	9.27e-07	6353.0	0.27401	0.968857	9.27e-07	0.3770977767152761	0.3037532871145111	False	False	False	False	False	False	False	False	True	False	False	False	False	False	False
USP18	influenza_amplified	2.24909773760429	7.15253740504485e-11	1.0322131869645	1.95896847502066e-06	1.05545831270332	0.0191102989068117	1.21688455063979	3.43962736645691e-05	0.74822417	7207.0	0.3940620044835694				False	False	15376.0	0.74517	0.999999	-2.9e-06	9298.0	0.45062	0.998783	-2.9e-06	0.7351310001912411	0.4445400650219927	12237.0	0.59352	0.999997	-3.33e-06	2236.0	0.096958	0.891851	-3.33e-06	0.5850824766913698	0.10690891704518288	False	False	False	False	False	False	False	False	False	False	False	False	False	False	False
VNN1	shared_core	1.28491765385457	0.0033192580270311	1.13829272049917	1.18343008079574e-05	1.55485747774799	0.0336653801328747	0.146624933355399	0.796290480081488	0.63407699	4713.0	0.2576958827710646				False	False	5961.0	0.29058	0.999999	1.05e-05	17088.0	0.83667	0.999988	1.05e-05	0.2849971313826736	0.816982214572576	7461.0	0.36184	0.999997	-1.67e-07	11057.0	0.54469	0.999999	-1.67e-07	0.3567296198900311	0.5286636385369352	False	False	False	False	False	False	False	False	False	False	False	False	False	False	False
XAF1	influenza_amplified	2.40627988160185	3.0854756214311796e-11	1.06563131954223	2.57395510439475e-06	1.22910978641341	0.0429935983615964	1.34064856205962	1.16521952557452e-05	1.0	17981.0	0.9831592760675816				False	False	1930.0	0.09519	0.999999	-7.65e-07	14995.0	0.73748	0.999988	-7.65e-07	0.09227385733409829	0.7169152801682922	14124.0	0.68348	0.999997	3.64e-06	20751.0	0.9938	0.999999	3.64e-06	0.675304805163758	0.9921587377480278	False	False	False	False	False	True	False	False	False	False	False	False	False	False	False
YIPF1	shared_core	0.306444393085551	0.0317542018031853	0.375633015309699	3.64053327270177e-06	0.683245016861851	0.0108037804900165	-0.0691886222241482	0.669930146653473	1.0	18005.0	0.9844715402701077				False	False	19574.0	0.9435	0.999999	-6.83e-06	12601.0	0.61776	0.999988	-6.83e-06	0.9358385924650985	0.602457448842991	12450.0	0.60413	0.999997	-2.59e-06	5455.0	0.25417	0.962545	-2.59e-06	0.5952665551039924	0.26081759502749224	False	False	False	False	False	False	False	False	False	False	False	False	False	False	False
ZBP1	influenza_amplified	1.75349254188853	2.6034739502067603e-09	0.901672666128286	1.22832570783279e-06	1.44365701876631	9.90422499038101e-05	0.851819875760247	0.0009231087232446	1.0	18020.0	0.9852917053966865				False	False	14792.0	0.71839	0.999999	-7.35e-06	16920.0	0.82827	0.999988	-7.35e-06	0.7072097915471409	0.8089500860585198	17667.0	0.84935	0.999997	-7.35e-06	12357.0	0.61284	0.999999	-7.35e-06	0.8447047573511833	0.5908199856562276	False	False	False	False	False	False	False	False	False	False	False	False	False	False	False
ZNF438	shared_core	0.861662221514265	0.0006794270577214	0.734152026338363	1.65886233864142e-06	0.929592216548595	0.0039630280934887	0.127510195175902	0.67894912986342	0.39863631	1809.0	0.09891191426540544				False	False	4041.0	0.19774	0.999999	-1.18e-05	11767.0	0.57255	0.999988	-1.18e-05	0.1932013769363167	0.5625836680053548	4630.0	0.22467	0.999997	-5.65e-06	14107.0	0.69925	0.999999	-5.65e-06	0.22137222089409514	0.6744919913937365	False	False	True	False	False	False	False	False	False	False	False	False	False	False	False
ZNF91	shared_core	-0.679758009336989	0.0026547046340759	-0.573215098812238	2.14552239877491e-05	-0.728924683609136	0.0375505671020135	-0.106542910524752	0.696681642052681	0.40740025	1869.0	0.10219257477172071				False	False	8979.0	0.43522	0.999999	-2.29e-07	7417.0	0.35276	0.982254	-2.29e-07	0.4292885829030407	0.3546089118378275	11542.0	0.5592	0.999997	-3.84e-06	11834.0	0.58551	0.999999	-3.84e-06	0.551852737269902	0.5658140090843892	False	False	False	False	False	False	False	False	False	False	False	False	False	False	False
ZNFX1	influenza_amplified	0.708289298429291	0.0001275880008416	0.302830825993841	0.0099263259841018	0.760909340371642	0.0421531661924268	0.40545847243545	0.0131234393875695	0.8394978	10112.0	0.5529006506643338				False	False	3298.0	0.16102	0.999999	-2.63e-06	18886.0	0.91971	0.999988	-2.63e-06	0.15767833237712756	0.9029451137884873	3327.0	0.16134	0.999997	-4.1e-06	19010.0	0.92751	0.999999	-4.1e-06	0.15907243605068133	0.9089170451828831	False	False	False	False	False	False	False	False	False	False	False	False	False	False	False
