screen	TF	evaluable_targets_n	observed_mean_normalized_rank	observed_median_normalized_rank	null_mean_normalized_rank	rank_enrichment_ratio	empirical_p_one_sided	fraction_top_1pct	fraction_top_5pct	fraction_top_10pct	n_permutations	FDR_within_screen
IAV_P01	AHR	24	0.4545924690615489	0.42514626278090656	0.4999694313066142	1.0998189924675623	0.22197780221977803	0.0	0.041666666666666664	0.041666666666666664	10000	0.374042595740426
IAV_P01	AP1	72	0.42432761647863626	0.3554869046968123	0.4998759257993572	1.1780424049409581	0.0131986801319868	0.013888888888888888	0.08333333333333333	0.2361111111111111	10000	0.07393010698930107
IAV_P01	AR	69	0.46307553205736246	0.4662912132976106	0.5000243924240515	1.079790137480449	0.14858514148585142	0.0	0.028985507246376812	0.10144927536231885	10000	0.3075803530758035
IAV_P01	ATF3	20	0.39371753513040625	0.40986385258898794	0.4996649833233091	1.2690950713125113	0.055194480551944806	0.0	0.0	0.25	10000	0.19318068193180682
IAV_P01	CEBPA	29	0.36494897064563026	0.24211274536606703	0.4998769955937336	1.3697175106684163	0.006299370062993701	0.0	0.10344827586206896	0.20689655172413793	10000	0.07349265073492652
IAV_P01	CEBPB	53	0.4442911864746002	0.4662912132976106	0.49973652344898517	1.1247950413203949	0.0805919408059194	0.018867924528301886	0.05660377358490566	0.18867924528301888	10000	0.256428902564289
IAV_P01	CEBPG	33	0.38782709262232473	0.296243643720269	0.5001480084899518	1.2896159603192237	0.011998800119988001	0.0	0.06060606060606061	0.24242424242424243	10000	0.07393010698930107
IAV_P01	CREB1	54	0.40007756129468636	0.35524085515883863	0.49991317914228955	1.2495406578777533	0.004899510048995101	0.0	0.0	0.16666666666666666	10000	0.07349265073492652
IAV_P01	CTNNB1	34	0.49714228739229305	0.46363934605500573	0.49973722311386143	1.005219704272553	0.48285171482851713	0.029411764705882353	0.058823529411764705	0.17647058823529413	10000	0.5199631551996315
IAV_P01	EGR1	34	0.4148684680280335	0.35674449122423313	0.49968313515356383	1.2044374872081125	0.043795620437956206	0.029411764705882353	0.08823529411764706	0.14705882352941177	10000	0.17031630170316303
IAV_P01	ESR1	87	0.468561279533015	0.44086609437366725	0.5000763561791745	1.0672592423291325	0.14998500149985	0.0	0.011494252873563218	0.11494252873563218	10000	0.3075803530758035
IAV_P01	FOS	41	0.4409207720487725	0.38000984198151894	0.5003382571691101	1.1347577362804877	0.09759024097590241	0.0	0.0	0.21951219512195122	10000	0.284638202846382
IAV_P01	FOXO3	30	0.47625895346929853	0.47096615451910984	0.5000325616490787	1.0499173989414832	0.3257674232576742	0.0	0.03333333333333333	0.1	10000	0.4072092790720928
IAV_P01	HIF1A	62	0.4718418792187795	0.45751544644321723	0.49943661067202394	1.0584830059996635	0.2258774122587741	0.0	0.0	0.0967741935483871	10000	0.374042595740426
IAV_P01	HMGA1	12	0.326024750760931	0.19730439061731095	0.49929829086700567	1.5314735758609122	0.016698330166983303	0.0	0.0	0.16666666666666666	10000	0.07393010698930107
IAV_P01	HNF4A	37	0.4692807521283654	0.4651976597955055	0.4997066527952853	1.0648351770852031	0.26177382261773824	0.0	0.10810810810810811	0.1891891891891892	10000	0.374042595740426
IAV_P01	IRF1	31	0.46812026971967996	0.3602165235934168	0.5002040064625484	1.0685373798534312	0.26687331266873315	0.0	0.0	0.12903225806451613	10000	0.374042595740426
IAV_P01	IRF2	12	0.4806441030127399	0.41158619935480345	0.49890458426741036	1.0379916889445047	0.41485851414858516	0.0	0.0	0.08333333333333333	10000	0.484001599840016
IAV_P01	IRF3	15	0.5623270818524796	0.7943572639291377	0.4984515676089453	0.8864086111003074	0.7967203279672033	0.0	0.0	0.2	10000	0.8201532787897681
IAV_P01	IRF8	15	0.42014325550877574	0.4830772595549237	0.49875954398818956	1.1871178162415408	0.14588541145885411	0.0	0.0	0.13333333333333333	10000	0.3075803530758035
IAV_P01	JUN	80	0.48188665317950685	0.48594783749794956	0.49967144636120076	1.0369065900961338	0.29557044295570445	0.0	0.05	0.175	10000	0.3831468704981354
IAV_P01	NFATC1	19	0.49849348616223166	0.5375909016348625	0.5001084059731044	1.0032396006280955	0.49025097490250974	0.0	0.05263157894736842	0.10526315789473684	10000	0.5199631551996315
IAV_P01	NFKB	101	0.4808798666514364	0.4765159385422932	0.5004598424416776	1.0407169797450342	0.24747525247475252	0.009900990099009901	0.0297029702970297	0.1188118811881188	10000	0.374042595740426
IAV_P01	NFKB1	58	0.45787085133140143	0.37530756192246706	0.5001646336312953	1.0923705498546403	0.13208679132086792	0.0	0.034482758620689655	0.15517241379310345	10000	0.3075803530758035
IAV_P01	NR3C1	33	0.4720224277881886	0.47788288041992455	0.500420311927852	1.060162150075645	0.28457154284571545	0.0	0.0	0.15151515151515152	10000	0.3830770769076939
IAV_P01	PPARA	33	0.4885334287707299	0.5438241565968615	0.5004373441893373	1.0243666343336228	0.40735926407359263	0.0	0.030303030303030304	0.18181818181818182	10000	0.484001599840016
IAV_P01	PPARG	43	0.4530948199896494	0.40641915905735687	0.5000661092510812	1.1036676809999832	0.14238576142385762	0.0	0.046511627906976744	0.16279069767441862	10000	0.3075803530758035
IAV_P01	REL	13	0.48579431941015405	0.3043359396358467	0.5006106579406705	1.0304992008727196	0.42905709429057093	0.0	0.0	0.23076923076923078	10000	0.4844193000054833
IAV_P01	RELA	71	0.47912275446104374	0.4300945923779321	0.5003875394969192	1.0443827491762436	0.26717328267173285	0.0	0.014084507042253521	0.1267605633802817	10000	0.374042595740426
IAV_P01	SP1	181	0.4401051382212356	0.4180655038547761	0.5003428559690349	1.1368711985305624	0.0029997000299970002	0.011049723756906077	0.07734806629834254	0.17679558011049723	10000	0.07349265073492652
IAV_P01	SP3	55	0.41888169242316553	0.32773798458089565	0.5000296798373587	1.1937253140493314	0.0168983101689831	0.0	0.09090909090909091	0.21818181818181817	10000	0.07393010698930107
IAV_P01	SPI1	60	0.4673683634971841	0.42301383345180166	0.5001340091493975	1.0701066828893542	0.19388061193880612	0.0	0.0	0.08333333333333333	10000	0.3571484956767481
IAV_P01	STAT1	53	0.5410882095331042	0.5666247471157526	0.4996919086325733	0.9234943579046916	0.849015098490151	0.0	0.018867924528301886	0.09433962264150944	10000	0.849015098490151
IAV_P01	STAT2	11	0.41238896703930333	0.37787741265241404	0.5005547144582685	1.2137926920109925	0.1581841815818418	0.0	0.0	0.09090909090909091	10000	0.3075803530758035
IAV_P01	STAT3	55	0.4117129521470929	0.40641915905735687	0.5008264760238395	1.216445762544067	0.011498850114988501	0.0	0.07272727272727272	0.16363636363636364	10000	0.07393010698930107
RSV_P01_viability_POS	AHR	24	0.5614541499330656	0.5293555173073246	0.4999464363406005	0.8904492671399831	0.8539146085391461	0.041666666666666664	0.041666666666666664	0.125	10000	0.9900009999000099
RSV_P01_viability_POS	AP1	73	0.5221001422519825	0.5371485943775101	0.5001163216466649	0.9578934789971623	0.7393260673932607	0.0136986301369863	0.0410958904109589	0.0821917808219178	10000	0.9900009999000099
RSV_P01_viability_POS	AR	72	0.5762886200888209	0.6043459552495698	0.5003525961650837	0.8682326506603002	0.9857014298570143	0.013888888888888888	0.013888888888888888	0.041666666666666664	10000	0.9900009999000099
RSV_P01_viability_POS	ATF3	20	0.49719831707783524	0.5070998278829604	0.4993808268789444	1.0043896162278592	0.48685131486851313	0.0	0.0	0.1	10000	0.9900009999000099
RSV_P01_viability_POS	CEBPA	28	0.49290529464797966	0.5006215337540638	0.4997332095388356	1.0138523869899434	0.45165483451654836	0.0	0.07142857142857142	0.17857142857142858	10000	0.9900009999000099
RSV_P01_viability_POS	CEBPB	53	0.5109476540483587	0.5282080703767451	0.4996171838296583	0.9778245968468072	0.6147385261473852	0.0	0.03773584905660377	0.11320754716981132	10000	0.9900009999000099
RSV_P01_viability_POS	CEBPG	33	0.5728817144479794	0.6160833811436222	0.5013386175292802	0.8751171574962258	0.9238076192380762	0.0	0.0	0.06060606060606061	10000	0.9900009999000099
RSV_P01_viability_POS	CREB1	54	0.5073255986910605	0.4715289730349971	0.49953056768520293	0.9846350528615757	0.5807419258074192	0.0	0.037037037037037035	0.05555555555555555	10000	0.9900009999000099
RSV_P01_viability_POS	CTNNB1	34	0.57610413643369	0.6217249952189712	0.4995449322500084	0.8671087406912004	0.9368063193680632	0.0	0.0	0.08823529411764706	10000	0.9900009999000099
RSV_P01_viability_POS	EGR1	34	0.5125389513235014	0.5518263530311723	0.4996788099175414	0.9749089481438398	0.6007399260073992	0.029411764705882353	0.058823529411764705	0.14705882352941177	10000	0.9900009999000099
RSV_P01_viability_POS	ESR1	89	0.49039228073342056	0.5087014725568942	0.4995717030239739	1.0187185293308956	0.38706129387061294	0.011235955056179775	0.02247191011235955	0.07865168539325842	10000	0.9900009999000099
RSV_P01_viability_POS	FOS	41	0.46580165027123593	0.45027729967489005	0.5000605745863826	1.0735483103058947	0.22137786221377861	0.024390243902439025	0.04878048780487805	0.12195121951219512	10000	0.9900009999000099
RSV_P01_viability_POS	FOXO3	31	0.5453812176509416	0.5880187416331994	0.49943080524864436	0.9157462506680846	0.8149185081491851	0.0	0.06451612903225806	0.0967741935483871	10000	0.9900009999000099
RSV_P01_viability_POS	HIF1A	64	0.5323615892139988	0.497681200994454	0.5003375307031699	0.9398452871888999	0.8124187581241876	0.0	0.015625	0.0625	10000	0.9900009999000099
RSV_P01_viability_POS	HMGA1	12	0.4428627207241665	0.3628322815069803	0.5005556973927456	1.1302728226350593	0.24907509249075094	0.0	0.0	0.16666666666666666	10000	0.9900009999000099
RSV_P01_viability_POS	HNF4A	37	0.5828746129950948	0.6160833811436222	0.499540678285859	0.8570293973157875	0.9585041495850415	0.0	0.02702702702702703	0.05405405405405406	10000	0.9900009999000099
RSV_P01_viability_POS	IRF1	31	0.48536696710035226	0.5215146299483648	0.50050871550719	1.031196495503797	0.38476152384761525	0.0	0.06451612903225806	0.1935483870967742	10000	0.9900009999000099
RSV_P01_viability_POS	IRF2	12	0.5757394657997067	0.5581851214381335	0.4993112107158794	0.8672520130652016	0.8155184481551845	0.0	0.0	0.0	10000	0.9900009999000099
RSV_P01_viability_POS	IRF3	15	0.617485816280997	0.692962325492446	0.49938856282271943	0.8087449940639034	0.9421057894210579	0.06666666666666667	0.13333333333333333	0.13333333333333333	10000	0.9900009999000099
RSV_P01_viability_POS	IRF8	15	0.4845030917320074	0.4629948364888124	0.499943461146172	1.031868464159781	0.4216578342165783	0.0	0.0	0.13333333333333333	10000	0.9900009999000099
RSV_P01_viability_POS	JUN	80	0.5156411359724613	0.5108051252629566	0.5004199290017212	0.9704810072182584	0.6804319568043196	0.0	0.0	0.0625	10000	0.9900009999000099
RSV_P01_viability_POS	NFATC1	19	0.6517926341959316	0.6935838592465099	0.4992695521434107	0.7659944681015345	0.99000099990001	0.0	0.0	0.0	10000	0.9900009999000099
RSV_P01_viability_POS	NFKB	102	0.509205355502308	0.5392761522279594	0.49998045177910516	0.9818837260379892	0.631036896310369	0.00980392156862745	0.049019607843137254	0.10784313725490197	10000	0.9900009999000099
RSV_P01_viability_POS	NFKB1	58	0.5808686305154939	0.6050870147255689	0.5005467018319584	0.8617210080491805	0.9832016798320168	0.0	0.034482758620689655	0.05172413793103448	10000	0.9900009999000099
RSV_P01_viability_POS	NR3C1	34	0.4611696084056112	0.4566360680818512	0.5001384074111572	1.0844999286494004	0.2176782321767823	0.029411764705882353	0.11764705882352941	0.20588235294117646	10000	0.9900009999000099
RSV_P01_viability_POS	PPARA	33	0.5283297692936249	0.6160833811436222	0.5001112474428739	0.9465891882479404	0.7105289471052895	0.0	0.06060606060606061	0.15151515151515152	10000	0.9900009999000099
RSV_P01_viability_POS	PPARG	43	0.5302149906380784	0.5665041116848346	0.49982706529328824	0.9426875401839915	0.7549245075492451	0.0	0.023255813953488372	0.046511627906976744	10000	0.9900009999000099
RSV_P01_viability_POS	REL	14	0.4347150506789061	0.4787483266398929	0.49839740321831544	1.1464921732982443	0.20717928207179281	0.07142857142857142	0.14285714285714285	0.2857142857142857	10000	0.9900009999000099
RSV_P01_viability_POS	RELA	72	0.5502001391810628	0.5944492254733218	0.49995999029185534	0.9086875023986968	0.9334066593340666	0.0	0.027777777777777776	0.09722222222222222	10000	0.9900009999000099
RSV_P01_viability_POS	SP1	181	0.5150916742476351	0.5371485943775101	0.5001719773331685	0.9710348707610952	0.7544245575442455	0.011049723756906077	0.027624309392265192	0.08839779005524862	10000	0.9900009999000099
RSV_P01_viability_POS	SP3	55	0.5598045863106105	0.5665041116848346	0.4997262778386273	0.8926798566122349	0.9398060193980602	0.0	0.05454545454545454	0.09090909090909091	10000	0.9900009999000099
RSV_P01_viability_POS	SPI1	60	0.5338815579779435	0.5427902084528591	0.499875166778224	0.9363034914925374	0.8188181181881812	0.016666666666666666	0.05	0.13333333333333333	10000	0.9900009999000099
RSV_P01_viability_POS	STAT1	54	0.5309792963742094	0.5070998278829604	0.5006795108122083	0.9429360320281731	0.7811218878112188	0.018518518518518517	0.05555555555555555	0.09259259259259259	10000	0.9900009999000099
RSV_P01_viability_POS	STAT2	11	0.49531459170013387	0.4730349971313827	0.49970246831481774	1.0088587671112672	0.48035196480351966	0.0	0.0	0.09090909090909091	10000	0.9900009999000099
RSV_P01_viability_POS	STAT3	57	0.5069274592102747	0.46390323197552114	0.500230015970314	0.9867881624514987	0.5687431256874312	0.0	0.03508771929824561	0.08771929824561403	10000	0.9900009999000099
RSV_P01_viability_POS	STAT5B	10	0.6132338879326831	0.6292312105565118	0.5002785613884108	0.8158038412960769	0.8904109589041096	0.0	0.0	0.0	10000	0.9900009999000099
RSV_P02_early_POS	AHR	24	0.5690121597501115	0.5798670873972078	0.49968247991967873	0.8781578237961035	0.8802119788021198	0.0	0.0	0.041666666666666664	10000	0.9951004899510048
RSV_P02_early_POS	AP1	73	0.4888739563603403	0.46638936699177663	0.5002597411826039	1.0232898166779645	0.36726327367263273	0.0273972602739726	0.0410958904109589	0.1095890410958904	10000	0.9951004899510048
RSV_P02_early_POS	AR	72	0.5375523257049362	0.5746796710652133	0.5001242199618581	0.9303730930863418	0.8638136186381362	0.0	0.041666666666666664	0.1111111111111111	10000	0.9951004899510048
RSV_P02_early_POS	ATF3	20	0.5305101357812201	0.5485513482501434	0.5001253093325684	0.942725266871843	0.6782321767823217	0.0	0.05	0.1	10000	0.9951004899510048
RSV_P02_early_POS	CEBPA	28	0.538378001803131	0.534805890227577	0.5003400527279185	0.9293471335236281	0.7617238276172382	0.0	0.0	0.03571428571428571	10000	0.9951004899510048
RSV_P02_early_POS	CEBPB	53	0.5850409725153985	0.659495123350545	0.4999926020343729	0.8546283517283276	0.9834016598340166	0.018867924528301886	0.018867924528301886	0.03773584905660377	10000	0.9951004899510048
RSV_P02_early_POS	CEBPG	33	0.5031815573984249	0.49153757888697647	0.5005748507739473	0.9948195505456223	0.5206479352064793	0.0	0.030303030303030304	0.09090909090909091	10000	0.9951004899510048
RSV_P02_early_POS	CREB1	54	0.529634410658507	0.5220405431248805	0.4998188214055516	0.9437053396589452	0.7738226177382261	0.0	0.018518518518518517	0.07407407407407407	10000	0.9951004899510048
RSV_P02_early_POS	CTNNB1	34	0.5335515732397377	0.5987282463186078	0.49917777313736733	0.9355754873073434	0.7582241775822418	0.0	0.029411764705882353	0.058823529411764705	10000	0.9951004899510048
RSV_P02_early_POS	EGR1	34	0.5030978254755718	0.5394195830942818	0.49959105806981424	0.9930296510376632	0.529047095290471	0.0	0.058823529411764705	0.08823529411764706	10000	0.9951004899510048
RSV_P02_early_POS	ESR1	89	0.5205369364026464	0.5471887550200804	0.5002511598561179	0.9610291314066577	0.7452254774522548	0.0	0.056179775280898875	0.12359550561797752	10000	0.9951004899510048
RSV_P02_early_POS	FOS	41	0.5453404792223482	0.5029642379039969	0.5006713106782531	0.9180893950733439	0.8375162483751625	0.0	0.024390243902439025	0.024390243902439025	10000	0.9951004899510048
RSV_P02_early_POS	FOXO3	31	0.611046335881159	0.5822815069803021	0.4996369815668203	0.8176744581019688	0.9839016098390161	0.0	0.03225806451612903	0.03225806451612903	10000	0.9951004899510048
RSV_P02_early_POS	HIF1A	64	0.562554533610633	0.5798670873972078	0.5001301760613883	0.889034122347948	0.9582041795820418	0.0	0.03125	0.0625	10000	0.9951004899510048
RSV_P02_early_POS	HMGA1	12	0.533359628992159	0.5174985656913368	0.5010945552049467	0.939505969268464	0.6502349765023497	0.0	0.0	0.08333333333333333	10000	0.9951004899510048
RSV_P02_early_POS	HNF4A	37	0.5228261824647367	0.5774526678141136	0.49924988771042983	0.9549060556929989	0.6916308369163083	0.0	0.02702702702702703	0.08108108108108109	10000	0.9951004899510048
RSV_P02_early_POS	IRF1	31	0.5990382420619498	0.6341078600114745	0.5003811852633268	0.8353075816010752	0.9708029197080292	0.03225806451612903	0.03225806451612903	0.06451612903225806	10000	0.9951004899510048
RSV_P02_early_POS	IRF2	12	0.6443193408554855	0.6733362019506598	0.5015038351819978	0.7783467038505061	0.9555044495550445	0.0	0.0	0.0	10000	0.9951004899510048
RSV_P02_early_POS	IRF3	15	0.6723911519092242	0.6907152419200612	0.4993793131255179	0.7426916783594684	0.9895010498950105	0.0	0.0	0.0	10000	0.9951004899510048
RSV_P02_early_POS	IRF8	15	0.6124051762605979	0.5774526678141136	0.4997768544017339	0.8160885534204939	0.9315068493150684	0.0	0.0	0.0	10000	0.9951004899510048
RSV_P02_early_POS	JUN	80	0.5161282032893478	0.5234509466437177	0.5000006252988143	0.9687527674563209	0.6914308569143086	0.0	0.0125	0.0875	10000	0.9951004899510048
RSV_P02_early_POS	NFATC1	19	0.5970121085847149	0.5822815069803021	0.49995138624674135	0.8374225230237508	0.9297070292970703	0.0	0.0	0.05263157894736842	10000	0.9951004899510048
RSV_P02_early_POS	NFKB	102	0.4589328368562953	0.42826066169439664	0.49994593017260447	1.089366220986169	0.0741925807419258	0.0196078431372549	0.058823529411764705	0.13725490196078433	10000	0.9951004899510048
RSV_P02_early_POS	NFKB1	58	0.5184399337909932	0.5261283228150697	0.5001951093371846	0.9648082193044104	0.684031596840316	0.017241379310344827	0.05172413793103448	0.1206896551724138	10000	0.9951004899510048
RSV_P02_early_POS	NR3C1	34	0.4422114227216991	0.41212468923312295	0.5003495983935743	1.1314714471056615	0.11828817118288171	0.0	0.08823529411764706	0.11764705882352941	10000	0.9951004899510048
RSV_P02_early_POS	PPARA	33	0.567540001274941	0.5655957161981259	0.49971620479030116	0.8804951257492368	0.9126087391260874	0.0	0.0	0.09090909090909091	10000	0.9951004899510048
RSV_P02_early_POS	PPARG	43	0.5460791115736477	0.5424077261426659	0.500073698893025	0.9157532091860318	0.8493150684931506	0.0	0.0	0.06976744186046512	10000	0.9951004899510048
RSV_P02_early_POS	REL	14	0.6615065704996859	0.7057993880283038	0.5001727833101112	0.7561115877236002	0.9831016898310169	0.0	0.0	0.0	10000	0.9951004899510048
RSV_P02_early_POS	RELA	72	0.5224562270245001	0.5261283228150697	0.4997845882870104	0.9566056684468868	0.7461253874612539	0.013888888888888888	0.041666666666666664	0.1388888888888889	10000	0.9951004899510048
RSV_P02_early_POS	SP1	181	0.5308952199220455	0.5660260087970931	0.500112470217624	0.94201727845856	0.9252074792520748	0.0055248618784530384	0.055248618784530384	0.09392265193370165	10000	0.9951004899510048
RSV_P02_early_POS	SP3	55	0.48591682748309256	0.4143239625167336	0.49974219023279254	1.0284521176624224	0.35796420357964204	0.0	0.01818181818181818	0.05454545454545454	10000	0.9951004899510048
RSV_P02_early_POS	SPI1	60	0.5274964939121565	0.5113310384394723	0.5005057569165551	0.9488323859834107	0.7631236876312368	0.016666666666666666	0.05	0.08333333333333333	10000	0.9951004899510048
RSV_P02_early_POS	STAT1	54	0.5988344914047725	0.6439806846433352	0.49889578871039714	0.8331113118418835	0.9951004899510049	0.0	0.018518518518518517	0.07407407407407407	10000	0.9951004899510048
RSV_P02_early_POS	STAT2	11	0.5480493402180149	0.5774526678141136	0.5009822258731897	0.9141188376832974	0.7006299370062994	0.0	0.0	0.09090909090909091	10000	0.9951004899510048
RSV_P02_early_POS	STAT3	57	0.5683737456090024	0.6042264295276344	0.5001089774301887	0.8798945786884134	0.9633036696330367	0.0	0.03508771929824561	0.05263157894736842	10000	0.9951004899510048
RSV_P02_early_POS	STAT5B	10	0.710025817555938	0.6725951424746606	0.5005917493784662	0.7050331649933674	0.9895010498950105	0.0	0.0	0.0	10000	0.9951004899510048
