screen	pathway	evaluable_genes_n	observed_mean_normalized_rank	observed_median_normalized_rank	null_mean_normalized_rank	rank_enrichment_ratio	empirical_p_one_sided	fraction_top_1pct	fraction_top_5pct	fraction_top_10pct	n_permutations	FDR_within_screen	biological_domain	preregistered_domain	RSV_replicated	shared_infection_response	pathogen_differential	pathogen_shift
IAV_P01	REACTOME_ACTIVATION_OF_NF_KAPPAB_IN_B_CELLS	54	0.30847321705214426	0.19938214227131063	0.4999772444679356	1.6208124946660103	9.999000099990002e-05	0.037037037037037035	0.25925925925925924	0.35185185185185186	10000	0.00032937882682320004	Antigen_adaptive_immunity	Adaptive_Immunity	False	False	True	RSV_shifted
IAV_P01	REACTOME_AEROBIC_RESPIRATION_AND_RESPIRATORY_ELECTRON_TRANSPORT	221	0.47112684750544853	0.4513642079938761	0.49972057241340573	1.0606922001141668	0.06979302069793021	0.013574660633484163	0.058823529411764705	0.10407239819004525	10000	0.10563267997524572	Mitochondrial_energy	Metabolism	False	False	True	RSV_shifted
IAV_P01	REACTOME_ANTIGEN_ACTIVATES_B_CELL_RECEPTOR_BCR_LEADING_TO_GENERATION_OF_SECOND_MESSENGERS	30	0.5139865492919242	0.4940127945759747	0.4995781655640002	0.9719673914662296	0.6100389961003899	0.0	0.03333333333333333	0.1	10000	0.6780812114866945	Antigen_adaptive_immunity	Adaptive_Immunity	False	False	False	Not_significant
IAV_P01	REACTOME_ANTIGEN_PRESENTATION_FOLDING_ASSEMBLY_AND_PEPTIDE_LOADING_OF_CLASS_I_MHC	29	0.4362995657838422	0.3772759582262562	0.49969685641076883	1.1453067928523584	0.1212878712128787	0.034482758620689655	0.06896551724137931	0.13793103448275862	10000	0.16566148263222458	Antigen_adaptive_immunity	Antigen_Presentation	True	True	False	Not_significant
IAV_P01	REACTOME_ANTIGEN_PROCESSING_CROSS_PRESENTATION	94	0.408456193293725	0.36691453879381053	0.49985400804808844	1.223764056598937	0.0011998800119988001	0.02127659574468085	0.14893617021276595	0.23404255319148937	10000	0.0027997200279972004	Antigen_adaptive_immunity	Antigen_Presentation	True	True	True	RSV_shifted
IAV_P01	REACTOME_ANTIGEN_PROCESSING_UBIQUITINATION_PROTEASOME_DEGRADATION	288	0.47137206031555084	0.4706927661435836	0.5000284246450507	1.0607935148093344	0.045795420457954206	0.013888888888888888	0.10069444444444445	0.14930555555555555	10000	0.07123732071237321	Antigen_adaptive_immunity	Antigen_Presentation	False	True	False	Not_significant
IAV_P01	REACTOME_ANTIGEN_PROCESSING_UB_ATP_INDEPENDENT_PROTEASOMAL_DEGRADATION	19	0.2830951017436422	0.1673683634971841	0.5002725417348938	1.767153647850528	0.00039996000399960006	0.05263157894736842	0.2631578947368421	0.42105263157894735	10000	0.0010665600106656002	Antigen_adaptive_immunity	Antigen_Presentation	True	True	True	RSV_shifted
IAV_P01	REACTOME_ANTIMICROBIAL_MECHANISM_OF_IFN_STIMULATED_GENES	159	0.42368767561764276	0.38853955929793865	0.5002952394314759	1.1808114047739442	0.00039996000399960006	0.0440251572327044	0.1320754716981132	0.20754716981132076	10000	0.0010665600106656002	Other	Interferon	True	True	False	Not_significant
IAV_P01	REACTOME_ASSEMBLY_AND_CELL_SURFACE_PRESENTATION_OF_NMDA_RECEPTORS	41	0.3877233949768553	0.3805566187325715	0.4996988637712393	1.2888024561970737	0.006799320067993201	0.024390243902439025	0.12195121951219512	0.17073170731707318	10000	0.01312972151060756	Translation_ribosome	Antigen_Presentation	False	False	False	Not_significant
IAV_P01	REACTOME_CLASS_I_MHC_MEDIATED_ANTIGEN_PROCESSING_PRESENTATION	362	0.47446190068661265	0.4700639728798731	0.5000164817997352	1.0538601330815847	0.043695630436956304	0.013812154696132596	0.08839779005524862	0.143646408839779	10000	0.06991300869913009	Antigen_adaptive_immunity	Antigen_Presentation	True	True	False	Not_significant
IAV_P01	REACTOME_CROSS_PRESENTATION_OF_SOLUBLE_EXOGENOUS_ANTIGENS_ENDOSOMES	39	0.29234330289609417	0.15730767127781728	0.500449913006417	1.7118569436984463	9.999000099990002e-05	0.02564102564102564	0.28205128205128205	0.41025641025641024	10000	0.00032937882682320004	Antigen_adaptive_immunity	Antigen_Presentation	True	False	True	RSV_shifted
IAV_P01	REACTOME_DDX58_IFIH1_MEDIATED_INDUCTION_OF_INTERFERON_ALPHA_BETA	81	0.4668670164687807	0.4648149160697687	0.5000017035808477	1.070972430999059	0.1456854314568543	0.024691358024691357	0.08641975308641975	0.14814814814814814	10000	0.18972986422288002	Interferon_antiviral	Interferon	True	True	False	Not_significant
IAV_P01	REACTOME_DECTIN_1_MEDIATED_NONCANONICAL_NF_KB_SIGNALING	48	0.2981687535312665	0.17346492427142	0.4999370782984307	1.6766917135936796	9.999000099990002e-05	0.041666666666666664	0.2708333333333333	0.375	10000	0.00032937882682320004	Cytokine_inflammation	Innate_Cytokine	False	False	True	RSV_shifted
IAV_P01	REACTOME_DOWNSTREAM_SIGNALING_EVENTS_OF_B_CELL_RECEPTOR_BCR	68	0.3344585141180974	0.23232544152222648	0.49961146027988546	1.4937920225988701	9.999000099990002e-05	0.029411764705882353	0.22058823529411764	0.29411764705882354	10000	0.00032937882682320004	Antigen_adaptive_immunity	Adaptive_Immunity	False	False	True	RSV_shifted
IAV_P01	REACTOME_DOWNSTREAM_TCR_SIGNALING	81	0.41701515246633436	0.42402537044124883	0.5002435405077192	1.1995812083785227	0.004899510048995101	0.024691358024691357	0.1728395061728395	0.2345679012345679	10000	0.009799020097990201	Antigen_adaptive_immunity	Adaptive_Immunity	False	False	True	RSV_shifted
IAV_P01	REACTOME_EUKARYOTIC_TRANSLATION_ELONGATION	90	0.19474608295210843	0.07075291158619935	0.49965718725888664	2.565685428352165	9.999000099990002e-05	0.12222222222222222	0.3888888888888889	0.5666666666666667	10000	0.00032937882682320004	Translation_ribosome	Translation	False	False	True	RSV_shifted
IAV_P01	REACTOME_EUKARYOTIC_TRANSLATION_INITIATION	115	0.19049892189888434	0.07507244791951447	0.5002483957807854	2.6259906922009466	9.999000099990002e-05	0.10434782608695652	0.3739130434782609	0.5565217391304348	10000	0.00032937882682320004	Translation_ribosome	Translation	False	False	True	RSV_shifted
IAV_P01	REACTOME_EVASION_BY_RSV_OF_HOST_INTERFERON_RESPONSES	34	0.4873967958882389	0.492372464322817	0.49953872578502667	1.0249117967110557	0.40545945405459455	0.029411764705882353	0.08823529411764706	0.14705882352941177	10000	0.483100626107602	Interferon_antiviral	Interferon	False	False	False	Not_significant
IAV_P01	REACTOME_FATTY_ACIDS	15	0.5066251116335867	0.4671660560992947	0.4984515676089453	0.983866682016045	0.5471452854714528	0.0	0.0	0.06666666666666667	10000	0.6383361663833617	Metabolism	Metabolism	False	False	False	Not_significant
IAV_P01	REACTOME_FCERI_MEDIATED_NF_KB_ACTIVATION	68	0.3805204349769872	0.2674011701022473	0.5004726083341642	1.3152318833137868	0.00029997000299970003	0.029411764705882353	0.19117647058823528	0.2647058823529412	10000	0.000884122114104379	Cytokine_inflammation	Innate_Cytokine	False	False	True	RSV_shifted
IAV_P01	REACTOME_GENE_AND_PROTEIN_EXPRESSION_BY_JAK_STAT_SIGNALING_AFTER_INTERLEUKIN_12_STIMULATION	37	0.48233098317848705	0.4450215976816666	0.5001878779594292	1.0370220769631426	0.35336466353364665	0.02702702702702703	0.08108108108108109	0.08108108108108109	10000	0.4301830686496568	Cytokine_inflammation	Innate_Cytokine	False	False	False	Not_significant
IAV_P01	REACTOME_INTERACTIONS_OF_REV_WITH_HOST_CELLULAR_PROTEINS	36	0.23699126979787488	0.12061895128219148	0.49987986737626133	2.109275450537055	9.999000099990002e-05	0.2222222222222222	0.3888888888888889	0.4722222222222222	10000	0.00032937882682320004	Antigen_adaptive_immunity	Adaptive_Immunity	False	False	False	Not_significant
IAV_P01	REACTOME_INTERFERON_ALPHA_BETA_SIGNALING	76	0.535541208261509	0.6184591831155339	0.5004558533170642	0.9344861713660841	0.8617138286171383	0.02631578947368421	0.05263157894736842	0.09210526315789473	10000	0.8617138286171383	Interferon_antiviral	Interferon	True	True	True	Influenza_shifted
IAV_P01	REACTOME_INTERFERON_GAMMA_SIGNALING	91	0.5281190459166292	0.570561539723331	0.4996220556522596	0.9460405935277172	0.8286171382861713	0.0	0.03296703296703297	0.07692307692307693	10000	0.843682904436829	Interferon_antiviral	Interferon	True	True	False	Not_significant
IAV_P01	REACTOME_INTERFERON_SIGNALING	275	0.4790589475044612	0.4901853573186068	0.5000302524219725	1.043776042649357	0.10968903109689031	0.02909090909090909	0.08727272727272728	0.14545454545454545	10000	0.15356464353564642	Interferon_antiviral	Interferon	True	True	True	Influenza_shifted
IAV_P01	REACTOME_INTERLEUKIN_12_FAMILY_SIGNALING	56	0.48313779555236164	0.45163759636940237	0.5001835817587466	1.0352814173581615	0.3347665233476652	0.017857142857142856	0.07142857142857142	0.08928571428571429	10000	0.41659834016598335	Cytokine_inflammation	Innate_Cytokine	False	False	False	Not_significant
IAV_P01	REACTOME_INTERLEUKIN_12_SIGNALING	46	0.46658480864002355	0.4411121439116409	0.5000867315112196	1.0718024295922657	0.21937806219378062	0.021739130434782608	0.08695652173913043	0.10869565217391304	10000	0.2792084427920844	Cytokine_inflammation	Innate_Cytokine	False	False	False	Not_significant
IAV_P01	REACTOME_INTERLEUKIN_1_FAMILY_SIGNALING	139	0.4658703132086709	0.4649242714199792	0.5001449936687972	1.0735712911691244	0.0851914808519148	0.014388489208633094	0.10071942446043165	0.19424460431654678	10000	0.12232622891556999	Cytokine_inflammation	Innate_Cytokine	True	True	False	Not_significant
IAV_P01	REACTOME_INTERLEUKIN_1_SIGNALING	101	0.4178884781145838	0.3602165235934168	0.5004450379468479	1.197556439470981	0.0013998600139986002	0.019801980198019802	0.13861386138613863	0.2376237623762376	10000	0.0031356864313568642	Cytokine_inflammation	Innate_Cytokine	True	True	True	RSV_shifted
IAV_P01	REACTOME_INTERLEUKIN_20_FAMILY_SIGNALING	26	0.513469634963429	0.5243315654218383	0.5005351739380965	0.9748096866015189	0.5932406759324068	0.0	0.038461538461538464	0.07692307692307693	10000	0.6779893439227507	Cytokine_inflammation	Innate_Cytokine	False	False	False	Not_significant
IAV_P01	REACTOME_INTERLEUKIN_2_FAMILY_SIGNALING	43	0.514391036930319	0.4990978183607633	0.4998089771841505	0.9716518004800621	0.6308369163083691	0.0	0.023255813953488372	0.11627906976744186	10000	0.6793628329474745	Cytokine_inflammation	Innate_Cytokine	False	False	False	Not_significant
IAV_P01	REACTOME_ISG15_ANTIVIRAL_MECHANISM	72	0.3843316565512967	0.33336978511673687	0.5001027053298583	1.3012269398191239	0.0006999300069993001	0.09722222222222222	0.2222222222222222	0.2777777777777778	10000	0.0017816400178164002	Interferon_antiviral	Interferon	True	True	False	Not_significant
IAV_P01	REACTOME_LISTERIA_MONOCYTOGENES_ENTRY_INTO_HOST_CELLS	20	0.35023784788670786	0.30846410410629344	0.5001818409973208	1.4281204730309889	0.010198980101989802	0.05	0.15	0.3	10000	0.019038096190380962	Antigen_adaptive_immunity	Adaptive_Immunity	False	False	False	Not_significant
IAV_P01	REACTOME_METABOLISM_OF_AMINO_ACIDS_AND_DERIVATIVES	339	0.40593447937095195	0.38219694898572915	0.49995191358153124	1.2316074120046947	9.999000099990002e-05	0.032448377581120944	0.13569321533923304	0.20943952802359883	10000	0.00032937882682320004	Metabolism	Metabolism	False	False	True	RSV_shifted
IAV_P01	REACTOME_MHC_CLASS_II_ANTIGEN_PRESENTATION	121	0.4501626547863978	0.4407020613483515	0.5004222564346812	1.1116476480531945	0.027597240275972403	0.0	0.03305785123966942	0.11570247933884298	10000	0.048295170482951705	Antigen_adaptive_immunity	Antigen_Presentation	False	False	True	RSV_shifted
IAV_P01	REACTOME_MITOCHONDRIAL_PROTEIN_DEGRADATION	84	0.5095633857457905	0.5335720925146263	0.5005748226881107	0.9823602650639346	0.6175382461753824	0.0	0.03571428571428571	0.08333333333333333	10000	0.6780812114866945	Mitochondrial_energy	Metabolism	False	False	True	RSV_shifted
IAV_P01	REACTOME_MITOCHONDRIAL_TRANSLATION	97	0.468149690563817	0.44431078790529827	0.5004577111586989	1.0690121583888512	0.1357864213578642	0.0	0.07216494845360824	0.16494845360824742	10000	0.1810485618104856	Translation_ribosome	Metabolism	False	False	True	RSV_shifted
IAV_P01	REACTOME_MITOCHONDRIAL_TRANSLATION_ELONGATION	87	0.444671534865188	0.4018262343485155	0.5002383014600197	1.1249613753929133	0.0364963503649635	0.0	0.08045977011494253	0.1839080459770115	10000	0.061933200619331996	Translation_ribosome	Metabolism	False	False	True	RSV_shifted
IAV_P01	REACTOME_MITOCHONDRIAL_TRNA_AMINOACYLATION	18	0.40400726605549175	0.40415003554048884	0.5013586014058237	1.2409643180451126	0.07849215078492151	0.05555555555555555	0.16666666666666666	0.2777777777777778	10000	0.11567264326198959	Mitochondrial_energy	Metabolism	False	False	False	Not_significant
IAV_P01	REACTOME_MODULATION_OF_HOST_RESPONSES_BY_IFN_STIMULATED_GENES	18	0.5521290879156262	0.6283285034720323	0.5000029996780093	0.9055907587944677	0.7785221477852214	0.05555555555555555	0.1111111111111111	0.2222222222222222	10000	0.8073563014068964	Other	Interferon	True	True	True	Influenza_shifted
IAV_P01	REACTOME_NEUTROPHIL_DEGRANULATION	458	0.4628029447628935	0.4676034775001367	0.4999742827375417	1.0803178510320242	0.0020997900209979003	0.019650655021834062	0.07205240174672489	0.13973799126637554	10000	0.004522624660610862	Myeloid_neutrophil	Neutrophil_Monocyte	True	True	True	RSV_shifted
IAV_P01	REACTOME_NONSENSE_MEDIATED_DECAY_NMD	111	0.2296659391087736	0.10180983104598393	0.5004653853372208	2.179101469200412	9.999000099990002e-05	0.0990990990990991	0.3333333333333333	0.4954954954954955	10000	0.00032937882682320004	Translation_ribosome	Translation	False	False	True	RSV_shifted
IAV_P01	REACTOME_PHOSPHORYLATION_OF_CD3_AND_TCR_ZETA_CHAINS	20	0.5363005085023785	0.5690032259828313	0.5003920408442233	0.9330441290118673	0.7078292170782922	0.0	0.1	0.1	10000	0.7478950218185728	Antigen_adaptive_immunity	Adaptive_Immunity	False	False	False	Not_significant
IAV_P01	REACTOME_REGULATION_OF_T_CELL_ACTIVATION_BY_CD28_FAMILY	202	0.4344116925772078	0.408606266061567	0.5001436784757812	1.1513126534615339	0.0008999100089991	0.019801980198019802	0.10396039603960396	0.15841584158415842	10000	0.0021910852393021564	Antigen_adaptive_immunity	Adaptive_Immunity	False	False	True	RSV_shifted
IAV_P01	REACTOME_RESPIRATORY_ELECTRON_TRANSPORT	143	0.4506013970719531	0.38886762534857017	0.5000596926885242	1.1097606353152818	0.0182981701829817	0.013986013986013986	0.06293706293706294	0.11888111888111888	10000	0.033054759040225014	Mitochondrial_energy	Metabolism	True	False	True	RSV_shifted
IAV_P01	REACTOME_RESPONSE_OF_EIF2AK4_GCN2_TO_AMINO_ACID_DEFICIENCY	98	0.23771900361653767	0.09615069167259008	0.5003064591072364	2.104612805437617	9.999000099990002e-05	0.10204081632653061	0.3469387755102041	0.5102040816326531	10000	0.00032937882682320004	Translation_ribosome	Metabolism	False	False	True	RSV_shifted
IAV_P01	REACTOME_RIBOSOME_ASSOCIATED_QUALITY_CONTROL	140	0.2463459690836803	0.11020285417464049	0.5000052412066581	2.029687122815528	9.999000099990002e-05	0.07857142857142857	0.3142857142857143	0.4785714285714286	10000	0.00032937882682320004	Translation_ribosome	Translation	False	False	True	RSV_shifted
IAV_P01	REACTOME_RIBOSOME_QUALITY_CONTROL_RQC_COMPLEX_EXTRACTS_AND_DEGRADES_NASCENT_PEPTIDE	100	0.232528295696867	0.1181311170649024	0.4998050657772432	2.149437616954836	9.999000099990002e-05	0.08	0.28	0.46	10000	0.00032937882682320004	Translation_ribosome	Translation	False	False	True	RSV_shifted
IAV_P01	REACTOME_RRNA_PROCESSING	200	0.2887230028979168	0.19046968122915414	0.4994548818962217	1.7298756139385714	9.999000099990002e-05	0.08	0.235	0.365	10000	0.00032937882682320004	Translation_ribosome	Translation	False	False	True	RSV_shifted
IAV_P01	REACTOME_SELENOAMINO_ACID_METABOLISM	105	0.26219351210329395	0.11564328284761331	0.5001067175429416	1.9073954711202739	9.999000099990002e-05	0.09523809523809523	0.3142857142857143	0.4666666666666667	10000	0.00032937882682320004	Metabolism	Metabolism	False	False	True	RSV_shifted
IAV_P01	REACTOME_SIGNALING_BY_CSF1_M_CSF_IN_MYELOID_CELLS	30	0.4066433375252884	0.4198698671332495	0.49986727869211	1.2292523510508129	0.042195780421957804	0.03333333333333333	0.06666666666666667	0.2	10000	0.0694989324596952	Myeloid_neutrophil	Neutrophil_Monocyte	False	False	False	Not_significant
IAV_P01	REACTOME_SIGNALING_BY_THE_B_CELL_RECEPTOR_BCR	97	0.38931688418422883	0.3419541801082618	0.5002368197773097	1.2849091321212578	9.999000099990002e-05	0.020618556701030927	0.16494845360824742	0.23711340206185566	10000	0.00032937882682320004	Antigen_adaptive_immunity	Adaptive_Immunity	False	False	True	RSV_shifted
IAV_P01	REACTOME_SRP_DEPENDENT_COTRANSLATIONAL_PROTEIN_TARGETING_TO_MEMBRANE	109	0.20479748944194157	0.08311006615998688	0.49993725616390455	2.441129808408285	9.999000099990002e-05	0.1559633027522936	0.3761467889908257	0.5321100917431193	10000	0.00032937882682320004	Translation_ribosome	Translation	False	False	True	RSV_shifted
IAV_P01	REACTOME_TCR_SIGNALING	103	0.42722852667023037	0.4424517469517196	0.5006867908292268	1.171941383997744	0.0045995400459954	0.019417475728155338	0.14563106796116504	0.20388349514563106	10000	0.009539786762064533	Antigen_adaptive_immunity	Adaptive_Immunity	False	False	True	RSV_shifted
IAV_P01	REACTOME_TNFR2_NON_CANONICAL_NF_KB_PATHWAY	86	0.389268806894982	0.2723494996992728	0.49929228478930654	1.2826413931594756	0.00019998000199980003	0.023255813953488372	0.18604651162790697	0.26744186046511625	10000	0.0006221600062216001	Cytokine_inflammation	Innate_Cytokine	False	False	True	RSV_shifted
IAV_P01	REACTOME_TRANSLATION	328	0.3117494322190201	0.21477390781343977	0.500060778986836	1.6040471202382736	9.999000099990002e-05	0.06707317073170732	0.24085365853658536	0.375	10000	0.00032937882682320004	Translation_ribosome	Translation	False	False	True	RSV_shifted
RSV_P01_viability_POS	REACTOME_ACTIVATION_OF_NF_KAPPAB_IN_B_CELLS	53	0.5591783125313473	0.5533562822719449	0.5004209523629107	0.8949219616503945	0.933006699330067	0.0	0.018867924528301886	0.09433962264150944	10000	1.0	Antigen_adaptive_immunity	Adaptive_Immunity	False	False	True	RSV_shifted
RSV_P01_viability_POS	REACTOME_AEROBIC_RESPIRATION_AND_RESPIRATORY_ELECTRON_TRANSPORT	220	0.5358977033675829	0.5402562631478294	0.5002216531928579	0.9334274994079345	0.9683031696830317	0.00909090909090909	0.04090909090909091	0.08636363636363636	10000	1.0	Mitochondrial_energy	Metabolism	False	False	True	RSV_shifted
RSV_P01_viability_POS	REACTOME_ANTIGEN_ACTIVATES_B_CELL_RECEPTOR_BCR_LEADING_TO_GENERATION_OF_SECOND_MESSENGERS	30	0.46525466947153693	0.4549388028303691	0.5001336987633073	1.0749676071631649	0.2565743425657434	0.03333333333333333	0.03333333333333333	0.1	10000	1.0	Antigen_adaptive_immunity	Adaptive_Immunity	False	False	False	Not_significant
RSV_P01_viability_POS	REACTOME_ANTIGEN_PRESENTATION_FOLDING_ASSEMBLY_AND_PEPTIDE_LOADING_OF_CLASS_I_MHC	29	0.5014936593665301	0.5951424746605469	0.49952957264196357	0.9960835263061002	0.51994800519948	0.0	0.10344827586206896	0.10344827586206896	10000	1.0	Antigen_adaptive_immunity	Antigen_Presentation	True	True	False	Not_significant
RSV_P01_viability_POS	REACTOME_ANTIGEN_PROCESSING_CROSS_PRESENTATION	95	0.5234743485219071	0.5485752533945305	0.5000607878129057	0.9552727640330183	0.7852214778522147	0.0	0.021052631578947368	0.06315789473684211	10000	1.0	Antigen_adaptive_immunity	Antigen_Presentation	True	True	True	RSV_shifted
RSV_P01_viability_POS	REACTOME_ANTIGEN_PROCESSING_UBIQUITINATION_PROTEASOME_DEGRADATION	289	0.49521384268330537	0.5123350545037292	0.5001242369378651	1.0099157047548446	0.38666133386661333	0.010380622837370242	0.03806228373702422	0.10034602076124567	10000	1.0	Antigen_adaptive_immunity	Antigen_Presentation	False	True	False	Not_significant
RSV_P01_viability_POS	REACTOME_ANTIGEN_PROCESSING_UB_ATP_INDEPENDENT_PROTEASOMAL_DEGRADATION	19	0.5222468822659058	0.48340982979537195	0.5003054614447766	0.9579864972559903	0.6283371662833717	0.0	0.0	0.05263157894736842	10000	1.0	Antigen_adaptive_immunity	Antigen_Presentation	True	True	True	RSV_shifted
RSV_P01_viability_POS	REACTOME_ANTIMICROBIAL_MECHANISM_OF_IFN_STIMULATED_GENES	155	0.5342105750189698	0.5601453432778734	0.49988480891307163	0.9357448771869046	0.9352064793520648	0.01935483870967742	0.05161290322580645	0.08387096774193549	10000	1.0	Other	Interferon	True	True	False	Not_significant
RSV_P01_viability_POS	REACTOME_ASSEMBLY_AND_CELL_SURFACE_PRESENTATION_OF_NMDA_RECEPTORS	42	0.4931710970867597	0.53282176324345	0.49978091538489555	1.0134026879052342	0.44425557444255576	0.0	0.09523809523809523	0.11904761904761904	10000	1.0	Translation_ribosome	Antigen_Presentation	False	False	False	Not_significant
RSV_P01_viability_POS	REACTOME_CLASS_I_MHC_MEDIATED_ANTIGEN_PROCESSING_PRESENTATION	365	0.49298786797548977	0.5114744693057947	0.5000367536551948	1.0142982944157473	0.3224677532246775	0.00821917808219178	0.0410958904109589	0.0958904109589041	10000	1.0	Antigen_adaptive_immunity	Antigen_Presentation	True	True	False	Not_significant
RSV_P01_viability_POS	REACTOME_CROSS_PRESENTATION_OF_SOLUBLE_EXOGENOUS_ANTIGENS_ENDOSOMES	40	0.5622537770128131	0.5464716006884681	0.5002380180244789	0.8897014808547548	0.916108389161084	0.0	0.0	0.05	10000	1.0	Antigen_adaptive_immunity	Antigen_Presentation	True	False	True	RSV_shifted
RSV_P01_viability_POS	REACTOME_DDX58_IFIH1_MEDIATED_INDUCTION_OF_INTERFERON_ALPHA_BETA	79	0.5522639079524851	0.5454675846242111	0.5004157609340315	0.9061170823009596	0.9443055694430557	0.02531645569620253	0.0379746835443038	0.05063291139240506	10000	1.0	Interferon_antiviral	Interferon	True	True	False	Not_significant
RSV_P01_viability_POS	REACTOME_DECTIN_1_MEDIATED_NONCANONICAL_NF_KB_SIGNALING	48	0.5921951695671576	0.5878992159112642	0.49915712512749416	0.8428929359426116	0.987001299870013	0.0	0.0	0.041666666666666664	10000	1.0	Cytokine_inflammation	Innate_Cytokine	False	False	True	RSV_shifted
RSV_P01_viability_POS	REACTOME_DOWNSTREAM_SIGNALING_EVENTS_OF_B_CELL_RECEPTOR_BCR	67	0.5595537801525934	0.5485752533945305	0.4997596346294917	0.8931395915030803	0.9521047895210479	0.0	0.029850746268656716	0.08955223880597014	10000	1.0	Antigen_adaptive_immunity	Adaptive_Immunity	False	False	True	RSV_shifted
RSV_P01_viability_POS	REACTOME_DOWNSTREAM_TCR_SIGNALING	81	0.5301181209257961	0.5599062918340026	0.5001490488113536	0.9434671803670761	0.8231176882311769	0.012345679012345678	0.04938271604938271	0.1111111111111111	10000	1.0	Antigen_adaptive_immunity	Adaptive_Immunity	False	False	True	RSV_shifted
RSV_P01_viability_POS	REACTOME_EUKARYOTIC_TRANSLATION_ELONGATION	94	0.6209284961527977	0.6734318225282081	0.5000862325695894	0.8053845743399873	1.0	0.010638297872340425	0.0425531914893617	0.07446808510638298	10000	1.0	Translation_ribosome	Translation	False	False	True	RSV_shifted
RSV_P01_viability_POS	REACTOME_EUKARYOTIC_TRANSLATION_INITIATION	120	0.628798925862179	0.677065404475043	0.5001345551651049	0.7953807403206745	1.0	0.008333333333333333	0.03333333333333333	0.058333333333333334	10000	1.0	Translation_ribosome	Translation	False	False	True	RSV_shifted
RSV_P01_viability_POS	REACTOME_EVASION_BY_RSV_OF_HOST_INTERFERON_RESPONSES	32	0.4717784829795372	0.45804647160068845	0.4995794185671257	1.0589279430719487	0.29587041295870414	0.0	0.03125	0.09375	10000	1.0	Interferon_antiviral	Interferon	False	False	False	Not_significant
RSV_P01_viability_POS	REACTOME_FATTY_ACIDS	15	0.44958883151654233	0.5537387645821381	0.5008814926372155	1.114087934408099	0.24477552244775522	0.0	0.06666666666666667	0.13333333333333333	10000	1.0	Metabolism	Metabolism	False	False	False	Not_significant
RSV_P01_viability_POS	REACTOME_FCERI_MEDIATED_NF_KB_ACTIVATION	67	0.541617785998293	0.5599062918340026	0.5003208746143065	0.9237526675608163	0.8786121387861214	0.014925373134328358	0.04477611940298507	0.08955223880597014	10000	1.0	Cytokine_inflammation	Innate_Cytokine	False	False	True	RSV_shifted
RSV_P01_viability_POS	REACTOME_GENE_AND_PROTEIN_EXPRESSION_BY_JAK_STAT_SIGNALING_AFTER_INTERLEUKIN_12_STIMULATION	38	0.49475722438626685	0.45070759227385737	0.5006285748256183	1.011867134323576	0.4560543945605439	0.05263157894736842	0.10526315789473684	0.15789473684210525	10000	1.0	Cytokine_inflammation	Innate_Cytokine	False	False	False	Not_significant
RSV_P01_viability_POS	REACTOME_INTERACTIONS_OF_REV_WITH_HOST_CELLULAR_PROTEINS	35	0.6710105729038605	0.7472748135398738	0.500453636587165	0.7458207914987174	0.9998000199980002	0.02857142857142857	0.05714285714285714	0.05714285714285714	10000	1.0	Antigen_adaptive_immunity	Adaptive_Immunity	False	False	False	Not_significant
RSV_P01_viability_POS	REACTOME_INTERFERON_ALPHA_BETA_SIGNALING	77	0.4696354993256887	0.4473130617708931	0.5002474641919564	1.0651823912592233	0.1795820417958204	0.025974025974025976	0.06493506493506493	0.12987012987012986	10000	1.0	Interferon_antiviral	Interferon	True	True	True	Influenza_shifted
RSV_P01_viability_POS	REACTOME_INTERFERON_GAMMA_SIGNALING	94	0.44894471503033423	0.4203958691910499	0.5001429500677482	1.1140412913290552	0.04229577042295771	0.010638297872340425	0.0425531914893617	0.10638297872340426	10000	1.0	Interferon_antiviral	Interferon	True	True	False	Not_significant
RSV_P01_viability_POS	REACTOME_INTERFERON_SIGNALING	275	0.5025316851822876	0.5010996366418053	0.4997221504372468	0.9944092386054788	0.5653434656534346	0.01090909090909091	0.04363636363636364	0.09090909090909091	10000	1.0	Interferon_antiviral	Interferon	True	True	True	Influenza_shifted
RSV_P01_viability_POS	REACTOME_INTERLEUKIN_12_FAMILY_SIGNALING	56	0.5120046512580937	0.46526582520558424	0.49953473929732534	0.9756449244550272	0.6228377162283771	0.03571428571428571	0.07142857142857142	0.10714285714285714	10000	1.0	Cytokine_inflammation	Innate_Cytokine	False	False	False	Not_significant
RSV_P01_viability_POS	REACTOME_INTERLEUKIN_12_SIGNALING	46	0.5177334597187924	0.47088353413654616	0.5000879452592981	0.9659177630337463	0.6623337666233376	0.043478260869565216	0.08695652173913043	0.13043478260869565	10000	1.0	Cytokine_inflammation	Innate_Cytokine	False	False	False	Not_significant
RSV_P01_viability_POS	REACTOME_INTERLEUKIN_1_FAMILY_SIGNALING	137	0.5778630685411091	0.5977242302543507	0.5001144739193131	0.8654549860435231	0.9991000899910009	0.0	0.029197080291970802	0.0948905109489051	10000	1.0	Cytokine_inflammation	Innate_Cytokine	True	True	False	Not_significant
RSV_P01_viability_POS	REACTOME_INTERLEUKIN_1_SIGNALING	100	0.5703695735322241	0.5853652706062344	0.4999558571428572	0.876547207886101	0.9922007799220078	0.0	0.03	0.08	10000	1.0	Cytokine_inflammation	Innate_Cytokine	True	True	True	RSV_shifted
RSV_P01_viability_POS	REACTOME_INTERLEUKIN_20_FAMILY_SIGNALING	26	0.5519495564676288	0.5479537196404667	0.5009091788399018	0.9075270973050951	0.8175182481751825	0.0	0.07692307692307693	0.07692307692307693	10000	1.0	Cytokine_inflammation	Innate_Cytokine	False	False	False	Not_significant
RSV_P01_viability_POS	REACTOME_INTERLEUKIN_2_FAMILY_SIGNALING	41	0.46526757436249055	0.4384203480589023	0.49974978893506666	1.074112653605452	0.21827817218278173	0.024390243902439025	0.0975609756097561	0.17073170731707318	10000	1.0	Cytokine_inflammation	Innate_Cytokine	False	False	False	Not_significant
RSV_P01_viability_POS	REACTOME_ISG15_ANTIVIRAL_MECHANISM	71	0.5513024600077034	0.5771179957926946	0.4994344267748392	0.9059172831694974	0.9319068093190681	0.028169014084507043	0.08450704225352113	0.09859154929577464	10000	1.0	Interferon_antiviral	Interferon	True	True	False	Not_significant
RSV_P01_viability_POS	REACTOME_LISTERIA_MONOCYTOGENES_ENTRY_INTO_HOST_CELLS	20	0.5140825205584242	0.5750621533754063	0.500514188420348	0.9736067039911461	0.5811418858114189	0.0	0.05	0.1	10000	1.0	Antigen_adaptive_immunity	Adaptive_Immunity	False	False	False	Not_significant
RSV_P01_viability_POS	REACTOME_METABOLISM_OF_AMINO_ACIDS_AND_DERIVATIVES	338	0.5202543054720997	0.5283036909542933	0.4999925947520711	0.9610542180873595	0.9072092790720928	0.005917159763313609	0.05029585798816568	0.08579881656804733	10000	1.0	Metabolism	Metabolism	False	False	True	RSV_shifted
RSV_P01_viability_POS	REACTOME_MHC_CLASS_II_ANTIGEN_PRESENTATION	122	0.5327469127093856	0.5792933639319181	0.5002238328019337	0.9389521006474734	0.8929107089291071	0.00819672131147541	0.06557377049180328	0.11475409836065574	10000	1.0	Antigen_adaptive_immunity	Antigen_Presentation	False	False	True	RSV_shifted
RSV_P01_viability_POS	REACTOME_MITOCHONDRIAL_PROTEIN_DEGRADATION	82	0.49219584493607416	0.544104991394148	0.5001453136588165	1.016151027694626	0.40275972402759724	0.024390243902439025	0.06097560975609756	0.14634146341463414	10000	1.0	Mitochondrial_energy	Metabolism	False	False	True	RSV_shifted
RSV_P01_viability_POS	REACTOME_MITOCHONDRIAL_TRANSLATION	95	0.6263072339483245	0.7073532224134633	0.49998611272156296	0.7983080597194825	1.0	0.0	0.010526315789473684	0.042105263157894736	10000	1.0	Translation_ribosome	Metabolism	False	False	True	RSV_shifted
RSV_P01_viability_POS	REACTOME_MITOCHONDRIAL_TRANSLATION_ELONGATION	85	0.6513206889181375	0.7322623828647925	0.500155646226362	0.7679099631506178	1.0	0.0	0.011764705882352941	0.047058823529411764	10000	1.0	Translation_ribosome	Metabolism	False	False	True	RSV_shifted
RSV_P01_viability_POS	REACTOME_MITOCHONDRIAL_TRNA_AMINOACYLATION	18	0.6109358067189393	0.5994932109389941	0.4993941682072204	0.817424945002391	0.9493050694930507	0.0	0.05555555555555555	0.05555555555555555	10000	1.0	Mitochondrial_energy	Metabolism	False	False	False	Not_significant
RSV_P01_viability_POS	REACTOME_MODULATION_OF_HOST_RESPONSES_BY_IFN_STIMULATED_GENES	18	0.4868309215698774	0.5065500095620578	0.4988465725335203	1.0246813635520444	0.4326567343265673	0.05555555555555555	0.1111111111111111	0.1111111111111111	10000	1.0	Other	Interferon	True	True	True	Influenza_shifted
RSV_P01_viability_POS	REACTOME_NEUTROPHIL_DEGRANULATION	464	0.492747776821572	0.47822241346337735	0.4999066174591633	1.0145284077865735	0.29827017298270175	0.01293103448275862	0.0603448275862069	0.11853448275862069	10000	1.0	Myeloid_neutrophil	Neutrophil_Monocyte	True	True	True	RSV_shifted
RSV_P01_viability_POS	REACTOME_NONSENSE_MEDIATED_DECAY_NMD	115	0.587596348125421	0.6114457831325302	0.49949235737982983	0.8500603500572035	0.9995000499950005	0.008695652173913044	0.034782608695652174	0.06956521739130435	10000	1.0	Translation_ribosome	Translation	False	False	True	RSV_shifted
RSV_P01_viability_POS	REACTOME_PHOSPHORYLATION_OF_CD3_AND_TCR_ZETA_CHAINS	20	0.4565261044176707	0.34138936699177663	0.49916031363549435	1.0933883272068448	0.25717428257174285	0.0	0.05	0.15	10000	1.0	Antigen_adaptive_immunity	Adaptive_Immunity	False	False	False	Not_significant
RSV_P01_viability_POS	REACTOME_REGULATION_OF_T_CELL_ACTIVATION_BY_CD28_FAMILY	203	0.4916788900853237	0.48317077835150124	0.499654238181909	1.0162206437115926	0.3458654134586541	0.0	0.04433497536945813	0.09359605911330049	10000	1.0	Antigen_adaptive_immunity	Adaptive_Immunity	False	False	True	RSV_shifted
RSV_P01_viability_POS	REACTOME_RESPIRATORY_ELECTRON_TRANSPORT	142	0.5646664457966003	0.5706875119525722	0.500007123834035	0.8854911205652614	0.9972002799720028	0.0	0.04225352112676056	0.08450704225352113	10000	1.0	Mitochondrial_energy	Metabolism	True	False	True	RSV_shifted
RSV_P01_viability_POS	REACTOME_RESPONSE_OF_EIF2AK4_GCN2_TO_AMINO_ACID_DEFICIENCY	101	0.6036153098958777	0.6393669917766304	0.5001857914922302	0.828649941928264	0.9998000199980002	0.009900990099009901	0.039603960396039604	0.06930693069306931	10000	1.0	Translation_ribosome	Metabolism	False	False	True	RSV_shifted
RSV_P01_viability_POS	REACTOME_RIBOSOME_ASSOCIATED_QUALITY_CONTROL	141	0.5897517798312467	0.6097246127366609	0.4997994841235934	0.8474743124414266	1.0	0.0070921985815602835	0.028368794326241134	0.06382978723404255	10000	1.0	Translation_ribosome	Translation	False	False	True	RSV_shifted
RSV_P01_viability_POS	REACTOME_RIBOSOME_QUALITY_CONTROL_RQC_COMPLEX_EXTRACTS_AND_DEGRADES_NASCENT_PEPTIDE	99	0.5761893171531726	0.5975807993880283	0.500134351644191	0.8680035133508673	0.9953004699530047	0.010101010101010102	0.04040404040404041	0.08080808080808081	10000	1.0	Translation_ribosome	Translation	False	False	True	RSV_shifted
RSV_P01_viability_POS	REACTOME_RRNA_PROCESSING	197	0.613528321650149	0.6405622489959839	0.5000705693210356	0.8150733253455082	1.0	0.005076142131979695	0.04568527918781726	0.07614213197969544	10000	1.0	Translation_ribosome	Translation	False	False	True	RSV_shifted
RSV_P01_viability_POS	REACTOME_SELENOAMINO_ACID_METABOLISM	109	0.5738892661076811	0.6090074584050488	0.4998891276771568	0.8710550226310744	0.9967003299670033	0.01834862385321101	0.045871559633027525	0.08256880733944955	10000	1.0	Metabolism	Metabolism	False	False	True	RSV_shifted
RSV_P01_viability_POS	REACTOME_SIGNALING_BY_CSF1_M_CSF_IN_MYELOID_CELLS	31	0.539468164516746	0.5977242302543507	0.5001537639035405	0.927123780050259	0.7764223577642235	0.03225806451612903	0.06451612903225806	0.12903225806451613	10000	1.0	Myeloid_neutrophil	Neutrophil_Monocyte	False	False	False	Not_significant
RSV_P01_viability_POS	REACTOME_SIGNALING_BY_THE_B_CELL_RECEPTOR_BCR	96	0.5259017219672341	0.517235609103079	0.4997934613951838	0.9503552479836206	0.812018798120188	0.010416666666666666	0.03125	0.09375	10000	1.0	Antigen_adaptive_immunity	Adaptive_Immunity	False	False	True	RSV_shifted
RSV_P01_viability_POS	REACTOME_SRP_DEPENDENT_COTRANSLATIONAL_PROTEIN_TARGETING_TO_MEMBRANE	112	0.5668733607900992	0.605780263912794	0.49981710442962324	0.881708577261394	0.9945005499450055	0.008928571428571428	0.044642857142857144	0.08035714285714286	10000	1.0	Translation_ribosome	Translation	False	False	True	RSV_shifted
RSV_P01_viability_POS	REACTOME_TCR_SIGNALING	102	0.5043704228679423	0.5420730541212468	0.5002427867867361	0.9918162606408684	0.5557444255574443	0.0196078431372549	0.049019607843137254	0.12745098039215685	10000	1.0	Antigen_adaptive_immunity	Adaptive_Immunity	False	False	True	RSV_shifted
RSV_P01_viability_POS	REACTOME_TNFR2_NON_CANONICAL_NF_KB_PATHWAY	87	0.5388071168087786	0.5533084719831708	0.5005707875288785	0.9290352185651066	0.892010798920108	0.0	0.034482758620689655	0.08045977011494253	10000	1.0	Cytokine_inflammation	Innate_Cytokine	False	False	True	RSV_shifted
RSV_P01_viability_POS	REACTOME_TRANSLATION	327	0.6086660607772578	0.6603078982597055	0.5000357120925818	0.821527179376559	1.0	0.0030581039755351682	0.021406727828746176	0.04892966360856269	10000	1.0	Translation_ribosome	Translation	False	False	True	RSV_shifted
RSV_P02_early_POS	REACTOME_ACTIVATION_OF_NF_KAPPAB_IN_B_CELLS	53	0.547664151665061	0.5811340600497227	0.4999466141294739	0.9128708034102438	0.8823117688231177	0.0	0.03773584905660377	0.09433962264150944	10000	1.0	Antigen_adaptive_immunity	Adaptive_Immunity	False	False	True	RSV_shifted
RSV_P02_early_POS	REACTOME_AEROBIC_RESPIRATION_AND_RESPIRATORY_ELECTRON_TRANSPORT	220	0.5126090943862028	0.4795371964046663	0.5004810029077348	0.9763404675974581	0.7353264673532647	0.004545454545454545	0.045454545454545456	0.08636363636363636	10000	1.0	Mitochondrial_energy	Metabolism	False	False	True	RSV_shifted
RSV_P02_early_POS	REACTOME_ANTIGEN_ACTIVATES_B_CELL_RECEPTOR_BCR_LEADING_TO_GENERATION_OF_SECOND_MESSENGERS	30	0.4564129534009052	0.37624306750812775	0.4999057662395614	1.0952926785153112	0.2044795520447955	0.03333333333333333	0.06666666666666667	0.13333333333333333	10000	1.0	Antigen_adaptive_immunity	Adaptive_Immunity	False	False	False	Not_significant
RSV_P02_early_POS	REACTOME_ANTIGEN_PRESENTATION_FOLDING_ASSEMBLY_AND_PEPTIDE_LOADING_OF_CLASS_I_MHC	29	0.4463667477792945	0.3983553260661694	0.5000624765070133	1.1202950914127423	0.1563843615638436	0.0	0.034482758620689655	0.06896551724137931	10000	1.0	Antigen_adaptive_immunity	Antigen_Presentation	True	True	False	Not_significant
RSV_P02_early_POS	REACTOME_ANTIGEN_PROCESSING_CROSS_PRESENTATION	95	0.5412980241769082	0.5652132338879327	0.49953053567654077	0.9228382764487666	0.922007799220078	0.0	0.05263157894736842	0.08421052631578947	10000	1.0	Antigen_adaptive_immunity	Antigen_Presentation	True	True	True	RSV_shifted
RSV_P02_early_POS	REACTOME_ANTIGEN_PROCESSING_UBIQUITINATION_PROTEASOME_DEGRADATION	289	0.5198341561996875	0.5251004016064257	0.500309614533269	0.9624408257257371	0.8773122687731227	0.006920415224913495	0.04152249134948097	0.09688581314878893	10000	1.0	Antigen_adaptive_immunity	Antigen_Presentation	False	True	False	Not_significant
RSV_P02_early_POS	REACTOME_ANTIGEN_PROCESSING_UB_ATP_INDEPENDENT_PROTEASOMAL_DEGRADATION	19	0.5974801461485038	0.6441958309428188	0.5001751771497016	0.8371410838903139	0.9248075192480751	0.0	0.0	0.0	10000	1.0	Antigen_adaptive_immunity	Antigen_Presentation	True	True	True	RSV_shifted
RSV_P02_early_POS	REACTOME_ANTIMICROBIAL_MECHANISM_OF_IFN_STIMULATED_GENES	155	0.5051635111876076	0.5080799388028304	0.5002632412291254	0.9902996359595292	0.5844415558444156	0.01935483870967742	0.06451612903225806	0.12903225806451613	10000	1.0	Other	Interferon	True	True	False	Not_significant
RSV_P02_early_POS	REACTOME_ASSEMBLY_AND_CELL_SURFACE_PRESENTATION_OF_NMDA_RECEPTORS	42	0.4848316167162983	0.4842465098489195	0.5004454145379704	1.0322045784213132	0.3685631436856314	0.023809523809523808	0.023809523809523808	0.07142857142857142	10000	1.0	Translation_ribosome	Antigen_Presentation	False	False	False	Not_significant
RSV_P02_early_POS	REACTOME_CLASS_I_MHC_MEDIATED_ANTIGEN_PROCESSING_PRESENTATION	365	0.5142741874215715	0.5135303117230828	0.5000859156652703	0.9724110754470543	0.8307169283071693	0.005479452054794521	0.043835616438356165	0.09315068493150686	10000	1.0	Antigen_adaptive_immunity	Antigen_Presentation	True	True	False	Not_significant
RSV_P02_early_POS	REACTOME_CROSS_PRESENTATION_OF_SOLUBLE_EXOGENOUS_ANTIGENS_ENDOSOMES	40	0.619557993880283	0.7092656339644291	0.5005220459217824	0.8078695632462425	0.9948005199480052	0.0	0.05	0.05	10000	1.0	Antigen_adaptive_immunity	Antigen_Presentation	True	False	True	RSV_shifted
RSV_P02_early_POS	REACTOME_DDX58_IFIH1_MEDIATED_INDUCTION_OF_INTERFERON_ALPHA_BETA	79	0.49134028579659195	0.5079365079365079	0.500049385849607	1.017725190269907	0.39446055394460555	0.0	0.0379746835443038	0.11392405063291139	10000	1.0	Interferon_antiviral	Interferon	True	True	False	Not_significant
RSV_P02_early_POS	REACTOME_DECTIN_1_MEDIATED_NONCANONICAL_NF_KB_SIGNALING	48	0.5991336377255052	0.6563396442914515	0.4999263787292025	0.8344154746962232	0.9931006899310069	0.0	0.041666666666666664	0.0625	10000	1.0	Cytokine_inflammation	Innate_Cytokine	False	False	True	RSV_shifted
RSV_P02_early_POS	REACTOME_DOWNSTREAM_SIGNALING_EVENTS_OF_B_CELL_RECEPTOR_BCR	67	0.5408042975027331	0.5715241920061197	0.5006350709162164	0.9257231742203127	0.8762123787621238	0.0	0.029850746268656716	0.1044776119402985	10000	1.0	Antigen_adaptive_immunity	Adaptive_Immunity	False	False	True	RSV_shifted
RSV_P02_early_POS	REACTOME_DOWNSTREAM_TCR_SIGNALING	81	0.5080846608066599	0.5275387263339071	0.4991684815098135	0.9824513905169059	0.6086391360863913	0.0	0.04938271604938271	0.12345679012345678	10000	1.0	Antigen_adaptive_immunity	Adaptive_Immunity	False	False	True	RSV_shifted
RSV_P02_early_POS	REACTOME_EUKARYOTIC_TRANSLATION_ELONGATION	94	0.5980792470795034	0.6246892331229681	0.49971777423778196	0.8355377262761867	0.9994000599940006	0.0	0.02127659574468085	0.05319148936170213	10000	1.0	Translation_ribosome	Translation	False	False	True	RSV_shifted
RSV_P02_early_POS	REACTOME_EUKARYOTIC_TRANSLATION_INITIATION	120	0.596397096321795	0.6066886593995028	0.5000755944014152	0.8384943479530154	0.9998000199980002	0.0	0.008333333333333333	0.041666666666666664	10000	1.0	Translation_ribosome	Translation	False	False	True	RSV_shifted
RSV_P02_early_POS	REACTOME_EVASION_BY_RSV_OF_HOST_INTERFERON_RESPONSES	32	0.5242801563396444	0.5682252820807038	0.49948812870529746	0.9527122525341472	0.6893310668933107	0.0	0.03125	0.125	10000	1.0	Interferon_antiviral	Interferon	False	False	False	Not_significant
RSV_P02_early_POS	REACTOME_FATTY_ACIDS	15	0.5317492190986166	0.6027443105756358	0.49943920348058907	0.9392382452901441	0.668033196680332	0.0	0.06666666666666667	0.2	10000	1.0	Metabolism	Metabolism	False	False	False	Not_significant
RSV_P02_early_POS	REACTOME_FCERI_MEDIATED_NF_KB_ACTIVATION	67	0.5167892608101203	0.5516829221648498	0.4999923387936964	0.967497540505983	0.6817318268173183	0.0	0.05970149253731343	0.11940298507462686	10000	1.0	Cytokine_inflammation	Innate_Cytokine	False	False	True	RSV_shifted
RSV_P02_early_POS	REACTOME_GENE_AND_PROTEIN_EXPRESSION_BY_JAK_STAT_SIGNALING_AFTER_INTERLEUKIN_12_STIMULATION	38	0.6544133929200512	0.6974564926372155	0.5001310803363831	0.7642433448752529	0.9994000599940006	0.0	0.05263157894736842	0.05263157894736842	10000	1.0	Cytokine_inflammation	Innate_Cytokine	False	False	False	Not_significant
RSV_P02_early_POS	REACTOME_INTERACTIONS_OF_REV_WITH_HOST_CELLULAR_PROTEINS	35	0.5201800398874409	0.5297379996175177	0.5004309533371581	0.9620341323466465	0.6595340465953404	0.02857142857142857	0.05714285714285714	0.17142857142857143	10000	1.0	Antigen_adaptive_immunity	Adaptive_Immunity	False	False	False	Not_significant
RSV_P02_early_POS	REACTOME_INTERFERON_ALPHA_BETA_SIGNALING	77	0.5427933130170651	0.6200038248231019	0.4998724961689677	0.9209260397672805	0.9023097690230977	0.0	0.025974025974025976	0.12987012987012986	10000	1.0	Interferon_antiviral	Interferon	True	True	True	Influenza_shifted
RSV_P02_early_POS	REACTOME_INTERFERON_GAMMA_SIGNALING	94	0.48490822459035743	0.47341747944157586	0.5000530370723014	1.0312323275084436	0.30326967303269675	0.010638297872340425	0.031914893617021274	0.10638297872340426	10000	1.0	Interferon_antiviral	Interferon	True	True	False	Not_significant
RSV_P02_early_POS	REACTOME_INTERFERON_SIGNALING	275	0.5146732384081782	0.5101357812201186	0.5000035516959613	0.9714970866610658	0.8025197480251974	0.01090909090909091	0.04363636363636364	0.10909090909090909	10000	1.0	Interferon_antiviral	Interferon	True	True	True	Influenza_shifted
RSV_P02_early_POS	REACTOME_INTERLEUKIN_12_FAMILY_SIGNALING	56	0.5949111070130864	0.6468253968253969	0.49998753568696547	0.8404407478577588	0.9941005899410059	0.0	0.05357142857142857	0.05357142857142857	10000	1.0	Cytokine_inflammation	Innate_Cytokine	False	False	False	Not_significant
RSV_P02_early_POS	REACTOME_INTERLEUKIN_12_SIGNALING	46	0.6269768515054005	0.6669057181105373	0.5001854062211579	0.7977733229228313	0.9977002299770023	0.0	0.043478260869565216	0.043478260869565216	10000	1.0	Cytokine_inflammation	Innate_Cytokine	False	False	False	Not_significant
RSV_P02_early_POS	REACTOME_INTERLEUKIN_1_FAMILY_SIGNALING	137	0.468112980249116	0.4398546567221266	0.4997735475094679	1.0676344570567196	0.09859014098590141	0.0	0.06569343065693431	0.11678832116788321	10000	1.0	Cytokine_inflammation	Innate_Cytokine	True	True	False	Not_significant
RSV_P02_early_POS	REACTOME_INTERLEUKIN_1_SIGNALING	100	0.4886646586345382	0.5030837636259323	0.49980038420348066	1.0227880722949327	0.3468653134686531	0.0	0.08	0.13	10000	1.0	Cytokine_inflammation	Innate_Cytokine	True	True	True	RSV_shifted
RSV_P02_early_POS	REACTOME_INTERLEUKIN_20_FAMILY_SIGNALING	26	0.5683282580872941	0.5414993306559572	0.49970411407534904	0.8792526272705508	0.8877112288771123	0.0	0.0	0.11538461538461539	10000	1.0	Cytokine_inflammation	Innate_Cytokine	False	False	False	Not_significant
RSV_P02_early_POS	REACTOME_INTERLEUKIN_2_FAMILY_SIGNALING	41	0.5854346538301872	0.6604991394148021	0.5003337989589018	0.8546364580324793	0.9708029197080292	0.0	0.024390243902439025	0.0975609756097561	10000	1.0	Cytokine_inflammation	Innate_Cytokine	False	False	False	Not_significant
RSV_P02_early_POS	REACTOME_ISG15_ANTIVIRAL_MECHANISM	71	0.4881430483840123	0.5366704914897686	0.5005230878578028	1.0253614990826445	0.35726427357264273	0.028169014084507043	0.08450704225352113	0.18309859154929578	10000	1.0	Interferon_antiviral	Interferon	True	True	False	Not_significant
RSV_P02_early_POS	REACTOME_LISTERIA_MONOCYTOGENES_ENTRY_INTO_HOST_CELLS	20	0.48775339453050304	0.5651654235991586	0.5013305739625168	1.0278361556972508	0.412958704129587	0.0	0.0	0.15	10000	1.0	Antigen_adaptive_immunity	Adaptive_Immunity	False	False	False	Not_significant
RSV_P02_early_POS	REACTOME_METABOLISM_OF_AMINO_ACIDS_AND_DERIVATIVES	338	0.5231449890856749	0.5526391279403327	0.499920578679893	0.9556061686715718	0.9386061393860614	0.0	0.04142011834319527	0.07692307692307693	10000	1.0	Metabolism	Metabolism	False	False	True	RSV_shifted
RSV_P02_early_POS	REACTOME_MHC_CLASS_II_ANTIGEN_PRESENTATION	122	0.5191680069223028	0.5077452667814113	0.5003443991030476	0.9637427430653055	0.7685231476852314	0.0	0.02459016393442623	0.07377049180327869	10000	1.0	Antigen_adaptive_immunity	Antigen_Presentation	False	False	True	RSV_shifted
RSV_P02_early_POS	REACTOME_MITOCHONDRIAL_PROTEIN_DEGRADATION	82	0.5021806156099426	0.5452046280359534	0.5000191786309	0.9956958972292919	0.5248475152484752	0.024390243902439025	0.04878048780487805	0.12195121951219512	10000	1.0	Mitochondrial_energy	Metabolism	False	False	True	RSV_shifted
RSV_P02_early_POS	REACTOME_MITOCHONDRIAL_TRANSLATION	95	0.5942713208724624	0.6713998852553069	0.4998931830580467	0.8411867870792467	0.9992000799920008	0.010526315789473684	0.031578947368421054	0.08421052631578947	10000	1.0	Translation_ribosome	Metabolism	False	False	True	RSV_shifted
RSV_P02_early_POS	REACTOME_MITOCHONDRIAL_TRANSLATION_ELONGATION	85	0.5974975532381628	0.6713998852553069	0.4996516164377397	0.8362404393622317	0.999000099990001	0.011764705882352941	0.023529411764705882	0.08235294117647059	10000	1.0	Translation_ribosome	Metabolism	False	False	True	RSV_shifted
RSV_P02_early_POS	REACTOME_MITOCHONDRIAL_TRNA_AMINOACYLATION	18	0.5701801916661354	0.6110872059667241	0.4989773002061154	0.8751221236711915	0.8523147685231477	0.0	0.0	0.05555555555555555	10000	1.0	Mitochondrial_energy	Metabolism	False	False	False	Not_significant
RSV_P02_early_POS	REACTOME_MODULATION_OF_HOST_RESPONSES_BY_IFN_STIMULATED_GENES	18	0.564838719959202	0.5107334098297953	0.5003544413102144	0.8858359450753567	0.8287171282871713	0.0	0.0	0.0	10000	1.0	Other	Interferon	True	True	True	Influenza_shifted
RSV_P02_early_POS	REACTOME_NEUTROPHIL_DEGRANULATION	464	0.4800101473216346	0.46591126410403516	0.49979565578611657	1.0412189379222112	0.070992900709929	0.017241379310344827	0.06896551724137931	0.11206896551724138	10000	1.0	Myeloid_neutrophil	Neutrophil_Monocyte	True	True	True	RSV_shifted
RSV_P02_early_POS	REACTOME_NONSENSE_MEDIATED_DECAY_NMD	115	0.5975238427831409	0.6358768406961178	0.4994424378674117	0.83585357119996	0.9998000199980002	0.0	0.02608695652173913	0.06086956521739131	10000	1.0	Translation_ribosome	Translation	False	False	True	RSV_shifted
RSV_P02_early_POS	REACTOME_PHOSPHORYLATION_OF_CD3_AND_TCR_ZETA_CHAINS	20	0.38685456110154903	0.3679718875502008	0.5004536022662077	1.2936479302226425	0.038896110388961104	0.0	0.05	0.15	10000	1.0	Antigen_adaptive_immunity	Adaptive_Immunity	False	False	False	Not_significant
RSV_P02_early_POS	REACTOME_REGULATION_OF_T_CELL_ACTIVATION_BY_CD28_FAMILY	203	0.4909888204000614	0.4717441193344808	0.49977209075570406	1.0178889416432861	0.33026697330266974	0.014778325123152709	0.04926108374384237	0.10837438423645321	10000	1.0	Antigen_adaptive_immunity	Adaptive_Immunity	False	False	True	RSV_shifted
RSV_P02_early_POS	REACTOME_RESPIRATORY_ELECTRON_TRANSPORT	142	0.5307453826035194	0.5193631669535284	0.5003028002351458	0.9426418328520533	0.8958104189581042	0.007042253521126761	0.035211267605633804	0.07042253521126761	10000	1.0	Mitochondrial_energy	Metabolism	True	False	True	RSV_shifted
RSV_P02_early_POS	REACTOME_RESPONSE_OF_EIF2AK4_GCN2_TO_AMINO_ACID_DEFICIENCY	101	0.5990373564034545	0.6320998278829604	0.5006773494733294	0.8358032168132782	0.9999000099990001	0.0	0.019801980198019802	0.04950495049504951	10000	1.0	Translation_ribosome	Metabolism	False	False	True	RSV_shifted
RSV_P02_early_POS	REACTOME_RIBOSOME_ASSOCIATED_QUALITY_CONTROL	141	0.591909007187141	0.6345859628992159	0.49994506607992245	0.844631624133838	0.9999000099990001	0.0	0.02127659574468085	0.05673758865248227	10000	1.0	Translation_ribosome	Translation	False	False	True	RSV_shifted
RSV_P02_early_POS	REACTOME_RIBOSOME_QUALITY_CONTROL_RQC_COMPLEX_EXTRACTS_AND_DEGRADES_NASCENT_PEPTIDE	99	0.6085124528899629	0.6358768406961178	0.4997005611189346	0.8211837880157488	0.9998000199980002	0.0	0.020202020202020204	0.04040404040404041	10000	1.0	Translation_ribosome	Translation	False	False	True	RSV_shifted
RSV_P02_early_POS	REACTOME_RRNA_PROCESSING	197	0.6003622903506703	0.6495983935742972	0.49990563947838734	0.8326732833043087	1.0	0.01015228426395939	0.03553299492385787	0.05583756345177665	10000	1.0	Translation_ribosome	Translation	False	False	True	RSV_shifted
RSV_P02_early_POS	REACTOME_SELENOAMINO_ACID_METABOLISM	109	0.5726532166235935	0.6010709504685409	0.5001820479383677	0.8734466749134473	0.9961003899610039	0.0	0.009174311926605505	0.03669724770642202	10000	1.0	Metabolism	Metabolism	False	False	True	RSV_shifted
RSV_P02_early_POS	REACTOME_SIGNALING_BY_CSF1_M_CSF_IN_MYELOID_CELLS	31	0.5659643181019007	0.6345859628992159	0.5004774105639147	0.8842914554090401	0.8967103289671033	0.0	0.03225806451612903	0.0967741935483871	10000	1.0	Myeloid_neutrophil	Neutrophil_Monocyte	False	False	False	Not_significant
RSV_P02_early_POS	REACTOME_SIGNALING_BY_THE_B_CELL_RECEPTOR_BCR	96	0.5135427623191178	0.5102553069420539	0.4999666990382164	0.9735639088367384	0.6799320067993201	0.010416666666666666	0.041666666666666664	0.11458333333333333	10000	1.0	Antigen_adaptive_immunity	Adaptive_Immunity	False	False	True	RSV_shifted
RSV_P02_early_POS	REACTOME_SRP_DEPENDENT_COTRANSLATIONAL_PROTEIN_TARGETING_TO_MEMBRANE	112	0.5578308130481108	0.5817794989481737	0.5002785693795591	0.8968284965219588	0.9836016398360165	0.008928571428571428	0.05357142857142857	0.08928571428571429	10000	1.0	Translation_ribosome	Translation	False	False	True	RSV_shifted
RSV_P02_early_POS	REACTOME_TCR_SIGNALING	102	0.5118227344485317	0.5357142857142858	0.5001164418176909	0.9771282284999437	0.6601339866013398	0.0	0.049019607843137254	0.10784313725490197	10000	1.0	Antigen_adaptive_immunity	Adaptive_Immunity	False	False	True	RSV_shifted
RSV_P02_early_POS	REACTOME_TNFR2_NON_CANONICAL_NF_KB_PATHWAY	87	0.564502124535361	0.5891183782750048	0.5003406055530276	0.886339632405911	0.9802019798020198	0.011494252873563218	0.034482758620689655	0.08045977011494253	10000	1.0	Cytokine_inflammation	Innate_Cytokine	False	False	True	RSV_shifted
RSV_P02_early_POS	REACTOME_TRANSLATION	327	0.5698148645258184	0.6018837253777013	0.5000552389695669	0.8775749284562747	1.0	0.0061162079510703364	0.03669724770642202	0.08256880733944955	10000	1.0	Translation_ribosome	Translation	False	False	True	RSV_shifted
