repository_path	sha256	hardcoded_root
scripts/02_differential_expression/run_DE_sensitivity_analyses.R	c4385afe566f82c43ef379c718b0c4748bba3d24e17c8a0cc268cee90169cead	~/Influenza_RSV_Project
scripts/02_differential_expression/run_primary_limma_DE.R	b2e3043267ed8c9c93dbf2c73b2af7fe07f839762105b64142b2f03005f7036a	~/Influenza_RSV_Project
scripts/04_pathway_analysis/audit_gene_set_coverage.R	864a2a3373c1af0ac0461944d6a4a10012609e226d7445ba5661535bd9256ccd	~/Influenza_RSV_Project
scripts/04_pathway_analysis/audit_pathway_robustness.R	3d5ca2479a34f9e603c7bb064771d9716af34983452f58859407fff00f465b60	~/Influenza_RSV_Project
scripts/04_pathway_analysis/fix_leading_edge_audit.R	960850f2253ef615a3376b30514853dab0eb96c554523ded03beff9c07bb2338	~/Influenza_RSV_Project
scripts/04_pathway_analysis/freeze_msigdb_gene_sets.R	173cb0527bc8df0bd473a3fa728ce4c7587d5d2b37407d9d0ebb3e343fb587d2	~/Influenza_RSV_Project
scripts/04_pathway_analysis/plot_session17_pathway_results.R	0ba3c8c86774b8de55bf364722be80613e733af06fcad36da95701c7eef67247	~/Influenza_RSV_Project
scripts/04_pathway_analysis/summarize_preregistered_domains.R	28fcd9fbfe221d8ed1c2ba89bce1560e1fe32033b6c42b838d42b009b045bd85	~/Influenza_RSV_Project
scripts/05_cellular_composition/build_cell_composition_cohorts.R	40e1a0d8eb37e73c5c48f96accf7015987fa135df217a473adf483313a1c002f	~/Influenza_RSV_Project
scripts/05_cellular_composition/prepare_cell_composition_input.R	e92e51ae9f06d2332219022251c85cbff58a3cc2bd9765c321265ddeb5ef193e	~/Influenza_RSV_Project
scripts/05_cellular_composition/qc_mcp_counter_scores.R	0b3b2c2652ce9824cdc1826ad1d3f9e42469875ad8d271bb19f9abde65a24936	~/Influenza_RSV_Project
scripts/05_cellular_composition/run_mcp_counter.R	424a4c53cc20a57ea8126187d2e74a56782e37820397931192f6b95b4535dfb0	~/Influenza_RSV_Project
scripts/05_cellular_composition/score_representative_pathways.R	f7aaabf3b8140c74cf80427dcb7ddeba3ad2484f180e46252563a68419f3179b	~/Influenza_RSV_Project
scripts/05_cellular_composition/test_composition_adjusted_pathway_effects.R	d4e37dfdf24b6c23544d3a0a50a7908237db60fdee165da0a4a76fb52f4094d9	~/Influenza_RSV_Project
scripts/05_cellular_composition/test_interferon_gene_composition_robustness.R	c263d1c074fa0339028330f47257098390a688798656c948a9ca414a3fb39283	~/Influenza_RSV_Project
scripts/05_cellular_composition/test_mcp_counter_disease_groups.R	c2e8c4dd9b477c224b18b98604994ae865d441c3139087036dced2098789824a	~/Influenza_RSV_Project
scripts/06_regulatory_analysis/prepare_GSE283746_regulatory_logCPM.R	6fcea599f719586379a78103ddacfc73ad712adc813db2a2bd0d3116b0632e07	~/Influenza_RSV_Project
scripts/06_regulatory_analysis/run_GPL10558_TF_activity_limma.R	a0647d918797eeb1f129e0af682c680648b480703ccf93896e7401fcb9841d01	~/Influenza_RSV_Project
scripts/06_regulatory_analysis/run_GPL6884_TF_activity_limma.R	0299bd4508cb35d748ab7c69464e724ba4da301069e6ed634aa4d7ff42af23cc	~/Influenza_RSV_Project
scripts/06_regulatory_analysis/run_GSE155925_TF_activity_limma.R	1b649b5d7e6cb28fc8700dbc7fa0e24ece9ca1a75c8e47924ffc05730964ec12	~/Influenza_RSV_Project
scripts/06_regulatory_analysis/run_GSE155925_TF_activity_unadjusted_sensitivity.R	7e87b363424f5b4b206221ef946416c3170aa14f33556cb5c87d1da9536d78a7	~/Influenza_RSV_Project
scripts/06_regulatory_analysis/run_GSE283746_TF_activity_limma.R	3e3d3a677725878e6c859f241c7b7b34627ed2b80397162b330072d026a78faa	~/Influenza_RSV_Project
